Census Tract,Academic,Activities,Administration,Adult Care Facilities,Adult Day Care,Adult Enriched Housing,Adult Entertainment (X-Rated),Air Pollution / Air Quality Station,American Legion,"Animal Shelter, Vet",Apartments,Apts In Multi Use Bldg,Athletic Fields,Auditorium,Authority Garage,Auto Dealership,Auto Parts,Auto Related Services,Auto Rental,Auto Towing,Bagel/Donut Shop,Bakery,Bank,Bar,Bar (X-Rated),Bed & Breakfast,Benevolent Org,Body Shop,Bowling Alley,Bus Transfer  Hub,Business School,Car Wash,Cell Facility On Bldg,Cell Facility On Other Antenna,Cell Facility On Water Tower,Cell Tower,Cemetery,Chapel,Chinese,Chiropractic,Church,Church Hall,City Garage,City Government,City Park (Community Park),City Park (Downtown Park),City Park (Medians),City Park (Natural Area),City Park (Neighborhood Park),City Park (Open Space),City Park (Playground),Cnyrta Garage,Coffee,Cold Storage,College,Community Center,Community Police Center,Community Residence,Condo,Convenience Store,Convent,Converted House,Corrections,Country Club,County Garage,County Govt,County Neighborhood Office,County Park,Credit Union,Day Care,Deli,Dentist Office,Diner,Dining Hall,District Office,Doctor Office In House,Dorm,Drug Store,Dry Cleaner,Education (Non-Instructional),Educational Facility,El,Electric Facilty,"Electric, Gas Facility",Elks,Ems,Ems Staging Area,Ethnic Foods,Faculty Residence,Fast Food,Federal Govt,Feed Sales Outlet,Field Station,"Fire Dept (Admin, Training Etc)",Fire House,Fish,Fitness,Floatable Facility,Flood Control,Frat/Sor House,"Fuel Storage, Distribution",Funeral Home,Furniture,Gas Station,Glass,Government,Health Facility,Heavy Equipment,High,Home Improvement,Homeless Shelter,Honeywell Lake Project,Hospital,Hospitality House (Non-Profit),Hotel,Ice Cream,Inactive Or Historic Cemetery,Indoor Parking Garage,Indoor Skating Rink,Indoor Sports,Infirmary,Jewelry,Junkyard,Large Retail Store,Laundromat,Law Office,Lawn And Snow Removal,Library,Library (Ocpl Member),Limousine Service,Liquor Store,Manufacturing,Masons,Mausoleum,"Meats, Fish",Miscellaneous Public Space,Moose,Mosque,Motel,Motorcycles,Movie Theatre,"Mufflers, Brakes",Multi Use Building,Museum,Natural Gas Facility,Neighborhood Shopping Center,Nursing Home,Nys Community Service,Off Campus Instructional,Office Bldg,Office Park,Office Supplies,Oil Change,Optometrist/Eye Care,Org / Management,Other Health Facility,Outdoor Parking Lot,Outdoor Sports,Painting,Park,Pharmacy,Physical Plant,Physical Therapy,Pizza,Police Station,Post Office,Private School Bus,Professional Bldg,Professional Bldg (Medical),Public Authority,Public Safety,Public Safety Administrative,Pump House,Pump Stations,Radio,Radio Broadcast Tower,Radio Station,Railroad Facility,Recruiting Office,Rectory,Regional Shopping Center,Religious Residence,Religious School,Repair,Reservoir,Rest Home (Non-Medical),Restaurant,Rooming House/ Sro,School,School Bus Garage,Self Storage,Senior,Senior And Mixed,Sfd Virtual Sta,Single Family House,Small Retail Store,Small Single-Use Bldg,"Small, Multi-Use Bldg",Social Organization,Social Store,Special School,Special Social,Spiritual Center,Sporting Goods (Including Guns),Stadium,State Govt,State Park,STJ HOSP,Storefront  Church,Student Housing,Sub Shop,Supermarkets,Swimming Pool,Synagogue,Take Out Food,Telephone Facility,Theatre,Three-Family House,Tires,Town/Vill/Park,Transmission,Treatment Plants,Truck Repair,Truck Stop,Truck Tires,Trucking Terminal,Trucks Only,Tv Station,Two-Family House,Used Car Only,Vacant Bldg,Vfw,Warehouse,Water Tank,Wholesale Club,Ymca,Youth Home,Zoo,Bus Shelter,Grand Total,Population_16Plus,MOE_Population_16Plus,Population_LaborForce,MOE_Population_LaborForce,Population_Employed,MOE_Population_Employed,UnemploymentRate,MOE_UnemploymentRate,Households_Total,MedianIncome_dollars,MOE_MedianIncome_dollars,MeanIncome_dollars,MOE_MeanIncome_dollars
1,0,0,0,0,0,0,0,1,0,0,6,0,0,0,0,3,0,0,0,0,0,0,2,1,0,0,0,1,0,0,0,1,4,0,0,3,0,0,0,0,0,0,0,1,0,1,0,0,0,0,0,0,0,0,0,1,0,0,0,0,0,0,0,0,2,0,0,0,0,0,1,0,1,0,0,0,0,0,0,0,0,0,0,0,0,0,0,0,0,1,0,0,0,0,0,0,1,2,0,0,2,0,0,1,1,0,0,3,0,1,0,1,0,0,2,0,0,52,0,0,0,0,0,1,0,0,0,0,0,1,2,10,0,0,0,2,0,0,1,0,0,0,0,0,0,0,0,0,0,10,0,0,0,0,0,0,0,0,1,0,0,0,0,0,0,1,0,0,0,0,0,0,0,0,1,1,1,4,0,0,2,0,0,0,0,0,1,0,0,1,2,0,0,0,30,1,21,1,0,0,0,0,0,0,2,0,0,0,0,0,0,0,0,0,0,0,0,3,1,0,2,6,0,1,1,1,0,0,35,2,30,0,36,0,0,0,0,0,1,312,544,92,57.4%,9.7%,50.4%,9.3%,12.2%,8.2%,380," $49,605.00 "," $16,898.00 "," $76,788.00 "," $15,164.00 "
2,0,0,0,0,0,0,0,0,0,0,64,16,0,0,0,0,0,0,1,0,0,0,0,3,3,1,1,4,0,0,0,1,0,0,0,1,0,0,1,0,0,0,0,0,0,0,1,0,1,1,0,0,0,0,0,0,1,0,0,3,0,0,0,0,0,0,0,0,0,0,1,0,1,0,0,0,0,0,0,0,0,0,1,0,0,0,1,0,0,0,0,0,0,0,0,0,0,0,0,0,0,2,0,1,0,0,0,0,0,0,0,0,0,0,0,0,0,0,0,1,0,0,0,0,1,0,0,0,0,0,1,3,0,0,0,0,0,0,0,0,0,0,0,0,0,0,0,0,0,0,0,0,0,0,0,0,0,0,0,0,0,0,0,1,0,0,0,0,0,0,0,0,0,0,0,0,0,0,0,0,0,0,0,1,0,0,0,3,0,0,1,1,0,0,531,5,11,1,0,0,0,0,0,0,0,0,0,0,0,0,0,0,0,0,0,0,0,29,0,0,0,0,0,0,0,0,2,0,413,7,32,0,13,0,0,0,0,0,0,1167,2224,276,65.6%,6.9%,61.7%,7.1%,5.8%,4.1%,1311," $34,883.00 "," $2,715.00 "," $43,242.00 "," $5,336.00 "
3,0,0,0,0,0,0,0,0,0,0,53,0,0,0,0,0,0,0,0,0,0,0,0,0,0,0,0,0,0,0,0,0,1,0,0,0,0,0,0,0,0,0,0,0,0,0,0,0,0,0,0,0,0,0,0,0,0,1,0,1,0,0,0,0,0,0,0,0,0,0,0,0,1,0,0,0,0,0,0,0,0,0,0,0,0,0,0,0,0,0,0,0,0,0,0,0,0,0,0,0,0,0,0,0,0,0,0,0,0,0,0,0,0,0,0,0,0,0,0,0,0,0,0,0,0,0,0,0,0,0,0,0,0,0,0,0,0,0,0,0,0,0,0,0,0,0,0,0,0,0,0,0,0,0,0,0,0,0,0,0,0,0,0,0,0,0,0,0,0,0,0,0,0,0,0,0,0,0,0,0,0,0,0,1,0,0,0,0,1,0,0,0,0,0,474,0,1,0,1,0,0,0,0,0,0,0,0,0,0,0,0,0,0,0,0,0,0,1,0,0,0,0,0,0,0,0,0,0,105,0,3,0,0,0,0,0,0,0,0,644,1331,123,67.2%,6.2%,62.1%,6.1%,7.1%,2.7%,664," $50,244.00 "," $9,293.00 "," $57,044.00 "," $5,439.00 "
4,0,0,0,0,1,0,0,0,0,1,10,13,0,0,0,0,0,0,0,0,0,0,0,1,0,0,0,0,0,0,0,0,1,0,0,0,2,0,0,0,1,0,0,0,0,0,0,0,1,0,0,0,0,0,0,1,0,1,0,1,0,1,0,0,0,0,0,0,0,1,0,1,0,0,0,0,0,1,0,0,0,1,0,0,0,0,0,0,0,0,0,0,0,0,0,0,0,0,0,0,0,0,0,0,0,0,0,0,0,0,0,0,0,0,0,0,0,0,0,0,0,0,0,0,0,0,0,0,0,0,0,0,0,0,1,0,0,0,0,0,0,0,0,0,0,0,0,0,0,0,0,0,0,0,0,0,0,0,0,0,0,0,0,0,0,0,0,0,0,0,0,0,0,0,0,0,0,0,0,0,0,0,0,1,0,0,0,0,1,0,0,0,0,0,1124,1,6,0,1,0,0,0,0,0,0,0,0,0,0,0,0,0,0,0,0,0,0,11,0,0,0,0,0,0,0,0,0,0,299,1,6,0,0,0,0,0,0,0,0,1491,2942,252,63.7%,5.5%,57.6%,5.3%,7.9%,4.0%,1517," $40,387.00 "," $6,668.00 "," $53,851.00 "," $7,269.00 "
5.01,0,0,0,0,0,0,0,0,0,0,80,89,0,0,0,0,1,0,0,3,0,3,0,5,2,0,1,1,0,0,0,0,2,0,0,0,0,0,0,0,4,2,0,0,0,0,2,0,0,0,1,0,0,0,0,0,0,0,0,8,1,0,0,0,0,0,0,0,1,0,0,1,4,0,0,1,0,1,0,0,0,0,0,0,0,0,0,5,0,0,0,0,0,1,1,0,0,0,0,0,0,2,1,2,0,0,2,0,0,0,0,0,0,0,0,1,0,0,0,0,0,0,0,0,1,0,0,0,0,0,0,1,0,0,0,0,0,0,0,0,0,0,1,0,0,0,0,0,0,1,0,0,0,0,1,0,0,0,0,0,0,0,0,0,0,0,0,0,0,0,0,0,0,0,0,0,0,0,0,1,0,0,0,6,0,0,3,1,1,0,0,1,0,0,162,9,68,1,1,0,0,0,0,0,0,0,0,0,0,0,0,0,0,0,0,0,0,52,0,2,0,0,0,0,0,0,0,0,179,3,64,0,13,0,0,0,0,0,0,800,1471,231,56.6%,7.6%,46.7%,7.3%,17.4%,7.1%,858," $22,615.00 "," $5,135.00 "," $27,214.00 "," $4,437.00 "
6,0,0,0,0,0,0,0,0,0,0,67,16,0,0,0,0,0,0,0,0,0,0,0,1,0,1,1,0,0,0,0,0,1,0,0,0,0,0,0,0,1,1,0,0,0,0,0,0,0,0,0,0,0,0,0,0,0,0,0,3,2,0,0,0,0,0,0,0,0,0,0,0,0,0,0,0,0,0,0,0,0,0,0,0,0,0,0,0,0,0,0,0,0,0,0,0,1,0,0,0,0,0,0,1,0,0,0,0,0,0,0,0,0,0,0,0,0,0,0,0,0,0,0,0,0,0,0,0,0,0,0,0,0,0,0,0,0,0,0,0,0,0,0,0,0,0,0,0,0,0,0,0,0,0,0,0,0,0,0,0,0,0,0,1,0,0,0,0,0,0,0,0,0,0,0,0,0,0,0,1,0,1,0,0,0,0,1,0,1,0,0,1,0,0,405,0,6,0,0,0,0,0,0,0,0,0,0,0,0,0,0,0,0,0,0,0,0,35,0,0,0,0,0,0,0,0,0,0,240,0,6,0,1,0,0,0,0,0,1,796,2830,271,55.1%,7.8%,40.2%,8.1%,27.1%,8.9%,1437," $25,875.00 "," $2,940.00 "," $30,654.00 "," $4,690.00 "
7,0,0,0,0,0,0,0,0,0,0,19,1,0,0,0,0,0,0,0,0,0,0,0,0,0,0,0,0,0,0,0,0,0,0,0,0,0,0,0,0,0,0,0,0,0,0,2,0,0,0,0,0,0,0,0,0,0,0,0,3,0,0,0,0,0,0,0,0,0,0,0,0,0,0,0,0,0,0,0,0,0,0,0,0,0,0,0,0,0,0,0,0,0,0,0,0,0,0,0,0,0,0,0,0,0,0,0,0,0,0,0,0,0,0,0,0,0,0,0,0,0,0,0,0,0,0,0,0,0,0,0,0,0,0,0,0,0,0,0,0,0,0,0,0,0,0,0,0,0,0,0,0,0,0,0,0,0,0,0,0,0,0,0,0,0,0,0,0,0,0,0,0,0,0,0,0,0,0,0,0,0,0,0,1,0,0,0,0,0,0,0,0,0,0,276,0,2,0,0,0,0,0,0,0,0,0,0,0,0,0,0,0,0,0,0,0,0,15,0,0,0,0,0,0,0,0,0,0,166,0,1,0,0,0,0,0,0,0,4,490,1288,180,67.5%,6.7%,54.7%,8.1%,19.0%,10.0%,613," $36,648.00 "," $7,979.00 "," $47,742.00 "," $8,733.00 "
8,0,0,0,0,0,0,0,0,0,0,28,14,0,0,0,0,0,0,0,0,0,1,0,1,0,0,0,0,0,0,0,0,0,0,0,0,0,0,0,0,1,0,0,0,1,0,2,0,0,0,0,0,0,0,0,1,0,0,0,0,0,0,0,0,0,0,0,0,0,0,1,0,0,0,0,0,0,0,0,0,0,0,0,0,0,0,0,0,0,0,0,0,0,0,0,0,0,0,0,0,0,0,0,0,0,0,0,0,0,0,0,0,0,0,0,0,0,0,0,0,0,0,0,0,0,0,0,0,0,0,0,0,0,0,1,1,0,0,0,0,0,0,0,0,0,0,0,0,0,0,0,0,0,0,0,0,0,0,0,0,0,0,0,1,0,0,0,0,0,0,0,0,0,0,0,0,0,0,0,0,0,0,0,0,0,0,0,0,0,0,0,0,0,0,497,2,8,0,0,0,0,0,0,0,0,0,0,0,0,0,0,0,1,0,0,0,0,15,0,0,0,0,0,0,0,0,0,0,323,0,4,0,0,0,0,0,0,0,0,903,1818,219,70.1%,5.6%,64.3%,5.9%,8.3%,4.8%,960," $32,568.00 "," $7,743.00 "," $43,100.00 "," $7,514.00 "
9,0,0,0,0,0,0,0,0,0,1,43,1,0,0,0,0,0,0,0,0,0,0,0,0,0,0,0,0,0,0,0,0,0,0,0,0,0,0,0,1,1,0,0,0,0,0,1,0,0,1,0,0,0,0,0,0,0,0,0,0,0,0,0,0,0,0,0,0,0,1,0,0,0,0,0,0,0,0,0,0,0,1,0,0,0,0,0,0,0,0,0,0,0,0,0,0,0,0,0,0,0,0,0,0,0,0,0,0,0,0,0,0,0,0,0,0,0,0,0,0,0,0,0,0,0,0,0,0,0,0,0,0,0,0,0,0,0,0,0,0,0,0,0,0,0,0,0,0,0,1,0,0,0,0,0,0,0,0,0,0,0,0,0,0,0,0,0,0,0,0,0,0,0,0,0,0,0,0,0,0,0,0,0,0,0,0,0,1,1,0,0,0,0,0,938,0,1,0,0,0,0,0,0,0,0,0,0,0,0,0,0,0,0,0,0,0,0,14,0,0,0,0,0,0,0,0,0,0,237,0,0,0,0,0,0,0,0,0,0,1244,2660,225,69.5%,4.5%,66.2%,4.4%,4.8%,2.3%,1362," $71,375.00 "," $11,018.00 "," $89,406.00 "," $9,646.00 "
10,0,0,0,0,0,0,0,0,0,0,346,9,0,0,0,0,0,0,0,0,0,0,4,3,0,0,0,0,0,0,0,0,1,0,0,0,2,0,0,0,3,0,0,0,0,0,0,0,1,0,0,0,0,0,0,0,0,2,1,1,1,0,0,0,0,0,0,0,0,0,2,0,2,0,0,0,0,0,0,0,0,0,0,0,0,0,0,0,0,1,0,0,0,0,0,1,1,0,0,0,0,1,0,1,0,0,0,0,0,0,0,0,0,0,0,1,0,0,0,0,0,1,0,1,0,2,0,0,0,0,0,0,0,0,0,0,0,0,0,0,0,0,0,0,0,1,0,0,0,4,0,0,0,0,0,0,0,0,0,0,0,0,0,3,0,1,0,0,0,0,0,0,0,0,0,0,0,0,1,0,0,0,0,0,0,0,2,0,1,0,0,0,0,0,735,6,21,2,1,0,0,0,0,0,0,0,0,0,0,0,0,0,0,0,0,1,0,17,0,0,0,0,0,0,0,0,0,0,198,1,10,0,4,0,0,0,0,0,0,1397,3109,273,64.9%,5.6%,59.1%,6.9%,9.0%,5.0%,2022," $31,871.00 "," $4,330.00 "," $45,118.00 "," $8,167.00 "
14,0,0,0,0,0,0,0,0,0,0,44,17,0,0,0,0,0,0,0,0,0,0,0,1,0,0,0,0,0,0,0,0,0,0,0,0,0,0,0,0,0,0,0,0,0,0,0,0,0,0,0,0,0,0,0,0,0,0,0,4,0,0,0,0,0,0,0,0,0,0,0,0,1,0,0,0,0,0,0,0,0,0,0,0,0,0,0,1,0,2,0,0,0,0,0,0,0,0,0,0,0,0,0,0,0,0,0,0,0,0,0,0,0,0,0,0,0,0,0,0,0,0,0,0,1,0,0,0,1,0,0,0,0,0,0,0,0,0,0,0,0,0,0,0,0,0,0,0,0,1,0,0,0,0,0,0,0,0,0,0,0,0,0,0,0,0,0,0,0,0,0,0,0,0,0,0,0,0,0,0,0,0,0,0,0,0,0,0,1,0,0,1,0,0,281,2,4,1,0,0,0,0,0,0,0,0,0,0,1,0,0,0,0,0,0,0,0,51,0,0,0,0,0,0,0,0,0,0,251,0,9,0,1,0,0,0,0,0,0,676,2274,362,48.9%,7.6%,40.9%,6.5%,16.4%,6.4%,934," $20,423.00 "," $2,997.00 "," $32,252.00 "," $5,967.00 "
15,0,0,0,0,0,0,0,0,0,0,61,15,0,0,0,0,0,0,0,0,0,0,0,2,0,0,0,0,0,0,0,0,0,0,0,0,0,0,0,0,0,0,0,0,0,0,0,0,0,1,1,0,0,0,0,0,0,1,0,3,0,0,0,0,0,0,0,0,0,0,1,0,0,0,0,0,0,0,0,0,0,0,1,0,0,0,0,0,0,0,0,0,0,0,0,0,0,0,0,0,0,0,0,0,0,0,0,0,0,0,0,0,0,0,0,0,0,0,0,0,0,1,0,0,0,0,0,0,0,0,0,0,0,0,0,0,0,0,0,0,0,0,0,0,0,0,0,0,0,0,0,0,0,0,0,0,0,0,0,0,0,0,0,2,0,0,0,0,0,0,0,0,0,0,0,0,0,0,0,0,0,0,0,0,0,0,1,0,0,0,0,0,0,0,304,4,12,0,1,0,2,0,0,0,0,0,0,0,0,0,0,0,0,0,0,0,0,43,0,0,0,0,0,0,0,0,0,0,271,0,2,0,0,0,0,0,0,0,0,729,2332,280,51.3%,5.8%,41.7%,5.1%,18.7%,6.1%,942," $24,635.00 "," $4,406.00 "," $40,440.00 "," $4,564.00 "
16,0,0,0,1,0,0,1,0,0,0,55,15,0,0,0,0,0,0,0,0,0,0,2,0,0,0,0,0,0,0,1,0,1,0,0,1,0,0,0,0,1,0,0,0,0,0,1,0,0,0,0,0,0,0,0,1,0,1,0,2,0,0,0,0,0,0,0,0,0,1,0,0,1,0,0,0,0,0,0,0,0,0,0,0,0,0,0,0,0,0,0,0,0,0,0,0,0,0,0,0,0,0,0,0,0,0,0,0,0,0,0,0,0,0,0,0,0,0,0,0,0,1,0,0,0,1,0,0,0,0,0,1,0,0,0,0,0,0,0,0,0,0,0,0,0,0,3,0,0,21,0,0,0,0,0,7,0,0,0,0,0,0,0,0,0,0,0,0,2,0,0,0,0,0,0,0,1,0,0,0,0,0,0,2,0,0,4,2,0,0,0,3,0,0,39,2,22,0,0,0,0,0,0,0,0,0,0,0,0,0,0,0,0,0,0,0,0,5,0,0,0,0,0,0,0,0,0,2,37,0,9,0,1,0,0,0,0,0,9,259,2930,273,40.6%,5.9%,35.2%,5.6%,13.4%,7.1%,1759," $21,747.00 "," $3,089.00 "," $34,310.00 "," $8,265.00 "
17.01,0,0,0,0,0,0,0,0,0,0,39,8,0,0,0,0,0,0,0,0,0,0,0,1,0,1,0,1,0,0,0,0,1,0,0,0,0,0,0,0,1,0,0,0,0,0,0,0,1,0,1,0,0,0,0,0,0,1,0,1,1,0,0,0,0,0,0,0,0,2,0,0,0,0,0,0,0,0,0,0,0,0,1,0,0,0,0,0,0,0,0,0,0,0,1,0,0,0,0,0,0,0,0,0,0,0,0,0,0,0,0,0,0,0,0,0,0,0,0,0,0,0,0,0,0,0,0,0,0,0,0,1,0,0,0,0,0,0,0,0,0,0,0,0,0,0,0,0,0,1,0,0,0,0,0,0,0,0,0,0,0,0,0,2,0,0,0,0,0,0,0,0,0,0,0,0,0,0,0,1,0,0,0,3,0,0,0,0,0,0,0,1,0,1,422,0,8,0,0,0,0,0,0,0,0,0,0,0,0,0,0,0,1,0,0,0,0,16,0,0,0,0,0,0,0,0,0,0,268,0,8,0,10,0,0,0,0,0,0,804,1764,217,56.6%,8.3%,48.2%,8.0%,14.7%,7.7%,1001," $27,226.00 "," $9,899.00 "," $39,303.00 "," $6,664.00 "
17.02,0,0,0,0,0,0,0,0,0,0,33,7,0,0,0,0,0,0,0,1,0,0,0,2,0,0,1,0,0,0,0,0,0,0,0,0,0,0,0,0,1,0,0,0,0,0,0,0,0,0,1,0,0,0,0,0,0,0,0,1,0,0,0,0,0,0,0,0,0,0,0,2,1,0,0,0,0,0,0,0,0,0,0,0,0,0,0,0,0,0,0,0,0,0,0,0,0,0,0,0,0,0,0,0,0,0,0,0,1,0,0,0,0,0,0,0,0,0,1,0,0,0,0,0,0,0,0,0,0,0,0,0,0,0,1,0,0,0,0,0,0,0,0,0,0,0,0,0,0,2,0,0,0,0,0,0,0,0,0,0,0,0,0,1,0,0,0,0,0,0,0,0,0,0,0,0,0,0,0,0,0,0,0,0,0,0,1,0,0,0,0,0,0,0,607,1,8,0,1,0,0,0,0,0,0,0,0,0,0,0,0,0,0,0,0,0,0,17,0,0,0,0,0,0,0,0,0,0,306,1,0,0,3,0,0,0,0,0,0,1001,1963,219,75.9%,6.1%,72.8%,6.1%,3.7%,3.4%,1102," $44,437.00 "," $3,771.00 "," $51,042.00 "," $5,441.00 "
18,0,0,0,0,0,0,0,0,1,0,38,9,0,0,0,0,0,0,0,0,0,0,1,3,0,0,0,0,0,0,0,0,1,0,0,0,0,0,0,0,0,0,0,0,0,0,0,0,1,0,0,0,0,0,0,0,1,0,0,2,0,0,0,0,0,0,0,0,0,0,1,0,1,0,0,0,0,0,0,0,0,0,0,0,0,0,0,0,0,0,0,0,0,0,0,0,0,0,0,0,0,0,0,1,0,0,0,0,0,0,0,0,0,0,0,0,0,0,0,0,0,0,0,0,0,0,0,0,0,0,0,1,0,0,0,0,0,0,0,0,1,0,0,0,0,0,0,0,0,2,0,0,0,0,0,0,0,0,0,0,0,0,0,0,0,0,0,0,0,0,0,0,0,0,0,0,0,0,0,0,0,0,0,1,0,0,0,0,1,0,0,0,0,0,685,3,10,2,0,0,0,0,0,0,0,0,0,0,0,0,1,0,0,0,0,0,0,15,0,0,0,0,0,0,0,0,0,0,324,0,5,0,2,0,0,0,0,0,0,1113,2339,223,68.5%,6.0%,64.8%,6.7%,4.5%,4.3%,1269," $44,449.00 "," $6,997.00 "," $53,330.00 "," $5,085.00 "
19,0,0,0,0,0,0,0,0,1,0,41,6,0,0,0,0,0,0,1,1,0,0,1,1,0,0,0,1,0,0,0,0,2,0,0,1,0,0,0,0,2,0,0,0,0,0,1,0,0,0,0,0,0,0,0,0,0,0,0,1,0,0,0,0,0,0,0,0,0,1,0,0,0,0,0,0,0,1,0,0,0,0,0,0,0,0,0,0,0,0,0,0,0,0,1,0,1,0,0,0,0,0,0,3,0,0,0,0,0,0,0,0,0,0,0,0,0,0,0,0,0,0,0,0,0,0,0,0,1,0,0,0,0,0,0,0,0,0,0,0,0,0,0,0,0,0,0,0,0,4,0,0,0,0,0,1,0,0,0,0,0,0,0,1,0,0,0,0,0,0,0,0,1,0,0,0,0,0,0,0,0,0,1,2,0,0,1,0,0,0,0,1,0,0,1338,1,16,1,1,0,0,0,0,0,0,0,0,0,0,0,0,0,0,0,0,0,0,7,0,0,0,0,0,0,0,0,0,0,194,1,2,0,3,0,0,0,0,0,3,1647,2890,204,64.7%,5.6%,57.7%,6.0%,10.8%,5.1%,1813," $39,945.00 "," $8,402.00 "," $47,916.00 "," $5,254.00 "
20,0,0,0,0,0,0,0,0,1,0,18,17,0,0,0,0,0,0,0,0,0,0,1,4,0,0,1,3,0,0,0,0,0,0,0,0,0,0,0,0,1,0,0,0,0,0,0,0,1,0,0,0,0,0,0,0,0,0,0,1,0,0,0,0,0,0,0,0,0,0,0,0,0,0,0,0,0,0,0,0,0,0,0,0,0,0,0,0,0,0,0,0,0,0,0,0,0,0,0,0,0,0,0,0,0,0,0,0,0,0,0,0,0,0,0,0,0,0,0,0,0,0,1,0,0,0,0,0,1,0,0,2,0,0,0,0,1,0,0,0,0,0,0,0,0,0,0,0,0,2,0,0,0,0,0,0,0,0,0,0,0,0,0,1,0,0,0,0,0,0,0,0,0,0,0,0,0,0,0,1,0,0,0,9,0,0,4,0,1,0,0,0,0,0,389,1,14,0,0,0,1,0,0,0,0,0,0,0,0,0,0,0,0,0,0,0,0,20,0,0,0,0,0,0,0,0,0,0,258,1,13,0,2,0,0,0,0,0,1,771,1679,158,61.4%,5.8%,56.2%,6.2%,8.4%,5.0%,948," $30,524.00 "," $4,294.00 "," $37,275.00 "," $5,244.00 "
21.01,0,0,0,0,0,0,0,0,0,0,66,29,0,0,0,9,2,3,1,0,1,1,0,6,0,0,1,4,0,0,0,0,1,0,0,1,0,0,0,1,6,0,0,0,0,0,2,0,1,1,0,0,0,0,0,0,0,1,0,3,1,0,0,0,0,1,0,0,1,0,0,0,2,0,1,0,0,0,0,1,0,0,0,0,0,0,0,0,0,1,0,0,0,0,1,0,1,0,0,0,0,2,0,3,0,0,0,0,0,0,0,0,0,0,0,0,0,0,0,1,0,0,0,0,1,0,0,0,0,0,0,2,0,0,0,0,0,0,0,0,0,0,0,0,0,0,0,0,0,8,0,0,0,0,0,0,0,0,1,0,0,0,0,0,0,0,0,0,0,0,0,0,0,2,0,0,0,0,0,2,0,0,0,10,0,0,2,0,1,0,0,0,0,1,189,2,22,2,2,0,2,0,0,0,0,0,0,0,0,0,0,0,1,0,0,0,0,57,1,0,1,0,0,0,0,0,0,0,429,14,38,1,20,0,0,0,0,0,1,968,2078,246,65.2%,6.5%,53.0%,6.0%,18.7%,6.0%,1072," $22,444.00 "," $7,645.00 "," $34,368.00 "," $5,218.00 "
23,0,0,0,0,0,0,0,0,0,0,60,28,0,0,0,0,0,0,0,0,0,1,0,1,0,0,0,0,0,0,0,1,1,0,0,0,0,0,1,0,3,1,0,0,0,0,0,0,0,0,0,0,1,0,0,0,1,0,0,3,0,0,0,0,0,0,0,0,0,0,0,0,1,0,0,0,0,0,0,0,0,0,0,0,0,0,0,3,0,0,0,0,0,0,0,0,0,0,0,0,0,0,0,2,0,0,17,0,0,0,0,0,0,0,0,0,0,0,0,0,0,0,0,0,1,0,0,0,0,0,0,2,0,0,0,0,0,0,0,0,0,0,0,0,0,1,0,0,0,5,0,0,0,0,0,2,0,0,0,0,0,0,0,2,0,0,0,0,0,0,0,0,0,0,0,0,0,0,0,0,0,0,0,0,0,0,6,5,0,0,0,1,0,0,23,9,40,1,1,0,0,0,0,1,0,0,0,2,0,0,2,1,0,0,0,0,0,28,0,0,0,0,0,0,0,0,0,0,84,0,3,0,0,0,0,0,0,0,1,346,1449,166,47.3%,6.1%,42.1%,6.2%,11.1%,5.6%,938," $19,537.00 "," $3,574.00 "," $35,465.00 "," $16,363.00 "
24,0,0,0,0,0,0,0,0,0,0,58,21,0,0,0,0,0,0,0,1,0,0,0,2,0,0,0,0,0,0,0,0,0,0,0,0,0,0,0,0,1,0,0,0,0,0,1,0,0,0,1,0,0,0,0,1,1,0,0,3,0,0,0,0,0,0,0,0,0,0,0,0,0,0,0,0,0,0,0,0,0,0,0,0,0,0,0,0,0,0,0,0,0,0,0,1,0,0,0,0,0,0,0,0,0,0,0,0,0,0,0,0,0,0,0,0,0,0,0,0,0,0,0,0,0,0,0,0,1,0,0,2,0,0,0,0,0,0,0,0,0,0,0,0,0,0,0,0,0,2,0,0,0,0,0,0,0,0,0,0,0,0,0,0,0,0,0,0,0,0,0,0,0,0,0,0,0,0,0,0,0,0,0,0,0,0,2,0,1,0,0,0,0,0,200,0,9,0,1,0,0,0,0,2,0,0,0,0,0,0,0,1,0,0,0,0,0,27,0,0,1,0,0,0,0,0,0,0,146,2,16,0,1,0,0,0,0,0,0,505,1318,205,60.7%,7.3%,52.7%,7.8%,13.1%,6.6%,751," $22,036.00 "," $4,422.00 "," $25,843.00 "," $3,377.00 "
27,0,0,0,0,0,0,0,0,0,0,31,13,0,0,0,0,0,0,0,0,0,0,0,0,0,0,0,0,0,0,0,0,0,0,0,0,0,0,1,0,4,0,0,0,0,0,1,0,0,0,1,0,0,0,0,0,0,1,0,1,0,0,0,0,0,0,0,0,0,0,1,1,0,0,0,0,0,1,0,0,0,0,0,0,0,0,0,0,0,0,0,0,0,0,0,0,0,0,0,0,0,1,0,0,0,0,0,0,0,0,0,0,0,0,0,0,0,0,0,0,0,0,0,0,0,0,0,0,0,0,0,0,0,0,0,0,0,0,0,0,0,0,0,0,0,0,0,0,0,0,0,0,0,0,0,0,0,0,0,0,0,0,0,2,0,0,0,0,0,0,0,0,0,0,0,0,0,0,0,2,0,0,0,0,0,0,2,0,0,0,0,0,0,0,330,0,16,0,0,0,0,0,0,0,0,0,0,0,0,0,0,0,0,0,0,0,0,13,0,0,0,0,0,0,0,0,0,0,219,0,5,0,0,0,0,0,0,0,1,647,1650,165,66.1%,6.7%,61.9%,6.3%,6.2%,3.6%,897," $33,317.00 "," $8,260.00 "," $46,537.00 "," $5,024.00 "
29.01,0,0,0,0,0,0,0,0,0,0,47,9,0,0,0,0,0,2,0,0,0,0,0,2,0,0,1,0,0,0,0,0,0,0,0,0,0,0,0,0,2,1,0,0,0,1,0,1,0,0,0,0,0,0,0,0,0,0,0,3,0,0,0,0,0,0,0,0,1,0,0,1,2,0,3,0,0,0,0,0,0,0,0,0,0,0,0,0,0,0,0,0,0,0,0,0,0,0,0,0,0,1,0,0,0,0,0,0,1,0,0,0,0,0,0,0,0,0,0,0,0,0,0,0,1,0,0,0,0,0,0,0,0,0,0,0,0,0,0,0,0,1,0,0,0,1,0,0,0,0,0,0,0,0,0,0,0,0,0,0,0,0,0,2,0,0,0,0,0,0,0,0,0,0,0,0,0,0,0,1,0,0,0,3,0,0,1,0,1,0,0,0,0,0,551,4,17,3,2,0,1,0,0,0,0,0,0,0,0,0,0,2,2,0,0,0,0,41,0,0,0,0,0,0,0,0,0,0,479,3,15,0,4,0,0,0,0,1,2,1216,2235,216,80.9%,4.2%,76.3%,4.0%,5.6%,3.7%,1330," $50,323.00 "," $9,981.00 "," $58,051.00 "," $10,579.00 "
30,0,0,0,0,0,0,0,0,0,0,272,5,0,0,0,0,0,0,0,1,0,0,0,3,0,0,0,0,0,0,0,0,2,1,0,0,0,0,0,0,2,0,0,0,0,0,0,0,2,0,1,0,0,0,0,0,1,0,0,3,0,0,0,0,0,1,1,0,2,0,0,0,0,0,0,0,0,0,1,0,0,0,1,0,0,0,0,0,0,1,0,0,0,0,1,0,1,0,0,0,0,0,0,0,0,0,0,1,0,1,1,0,0,0,0,0,0,1,0,0,0,0,0,0,0,0,0,0,0,0,0,4,0,0,0,0,0,0,0,0,0,1,0,0,0,0,0,0,2,11,0,0,0,0,0,0,0,0,0,0,1,0,0,0,0,0,0,0,0,0,0,0,0,0,0,0,0,0,0,1,0,0,0,3,0,0,0,1,2,0,0,0,0,0,137,0,5,19,6,0,0,0,0,0,0,0,0,0,0,0,0,0,0,0,0,0,0,8,0,0,0,0,1,0,0,0,0,0,67,2,25,0,15,0,0,0,0,0,1,618,1306,145,41.4%,9.1%,33.0%,8.0%,20.3%,8.0%,842," $12,799.00 "," $2,823.00 "," $16,835.00 "," $2,731.00 "
32,0,0,0,0,0,0,0,0,0,0,48,12,0,4,0,0,0,1,0,0,1,3,14,20,0,0,0,0,0,1,0,0,8,0,0,0,0,0,0,0,5,0,0,0,0,4,0,0,0,0,0,0,2,0,0,1,0,0,0,0,1,0,2,0,0,7,0,0,3,1,4,0,9,0,0,0,1,1,1,0,0,0,0,4,0,0,0,0,0,0,2,0,0,0,1,1,1,0,0,0,0,0,0,1,0,1,0,0,0,0,0,0,0,0,12,0,0,12,0,0,0,3,0,0,0,7,0,0,0,0,1,1,0,0,0,0,0,0,0,0,0,0,2,4,0,0,0,0,2,86,0,0,0,1,4,0,20,0,0,0,0,0,0,5,2,1,0,1,2,1,1,2,0,0,0,0,0,1,0,1,0,0,0,3,0,0,19,1,0,0,0,1,0,0,0,29,40,18,3,0,2,0,0,0,0,3,0,0,0,0,5,0,0,0,1,0,1,0,1,0,0,0,0,0,0,0,0,0,0,0,35,0,2,0,0,1,0,0,8,510,2138,565,38.2%,10.7%,35.0%,9.8%,8.4%,5.5%,1059," $26,696.00 "," $28,749.00 "," $52,254.00 "," $15,433.00 "
34,1,1,1,0,0,0,0,0,0,0,48,4,0,0,0,0,0,0,0,0,0,0,0,0,0,0,0,0,0,0,0,1,2,0,0,0,0,0,0,0,2,0,0,0,0,0,1,0,1,0,0,0,0,0,0,0,0,0,0,1,0,0,0,0,0,0,0,0,0,0,1,3,1,0,0,0,0,1,0,0,0,0,0,0,0,0,0,1,0,0,2,0,0,0,1,0,0,0,0,0,0,0,0,0,0,1,0,0,0,0,0,0,0,1,1,0,0,3,0,0,0,0,0,0,0,1,0,0,0,0,0,3,0,0,0,0,0,0,1,0,0,1,0,0,0,0,0,0,1,4,0,1,1,0,1,1,0,0,0,0,1,1,1,1,0,0,1,0,9,0,0,0,0,0,0,0,0,0,0,0,0,0,0,3,0,0,2,4,0,0,0,0,0,0,38,4,11,4,4,0,0,1,0,0,0,0,0,0,1,0,0,0,0,0,0,0,0,36,1,0,0,0,0,0,0,0,0,1,107,1,10,0,15,0,0,0,0,0,4,355,1111,208,44.7%,10.3%,41.3%,10.5%,7.6%,6.2%,633," $14,969.00 "," $4,971.00 "," $22,970.00 "," $5,154.00 "
35,0,0,0,0,0,0,0,0,1,0,61,7,0,0,0,0,0,0,0,0,0,0,0,1,0,0,0,1,0,0,0,1,0,0,0,1,0,0,1,0,4,0,0,0,0,0,0,0,1,0,1,0,0,2,0,0,0,4,0,0,0,0,0,0,0,0,0,0,1,0,0,2,1,0,0,0,0,0,1,0,0,1,1,0,0,0,0,2,0,1,0,0,0,0,1,0,0,0,0,0,0,1,0,1,0,0,0,0,0,0,0,0,0,0,0,0,1,0,0,0,0,0,0,1,1,0,0,0,0,0,1,5,0,0,0,0,0,0,0,0,0,0,0,0,0,0,0,0,0,1,0,0,1,0,0,1,0,0,1,0,0,0,0,0,0,1,0,0,5,0,0,0,0,0,0,0,0,0,0,0,0,0,0,0,0,0,0,6,0,0,0,0,0,1,225,4,11,6,0,0,1,0,0,0,0,0,0,0,0,0,0,0,0,0,0,0,0,28,0,0,0,0,0,0,0,0,0,0,277,1,7,0,11,0,0,0,0,0,1,697,1713,234,58.1%,10.2%,50.0%,9.8%,14.1%,7.9%,947," $17,863.00 "," $4,674.00 "," $35,834.00 "," $7,625.00 "
36.01,0,0,0,0,0,0,1,0,0,0,47,0,0,0,0,0,2,0,0,0,1,0,0,0,0,0,0,1,2,0,0,1,0,0,0,0,0,0,0,0,2,0,1,0,0,0,0,0,0,0,0,0,0,0,0,0,0,0,0,2,0,0,0,0,0,0,0,0,0,0,0,0,0,0,0,0,0,0,1,0,0,0,0,0,0,0,0,1,0,1,0,0,0,0,0,0,0,0,0,0,0,0,0,0,0,0,0,0,0,0,0,0,0,0,0,0,0,0,0,0,0,0,0,0,0,0,0,0,0,0,0,1,0,0,0,0,0,0,0,1,0,0,0,0,0,0,0,0,0,3,0,0,0,0,0,0,0,0,0,0,0,0,0,0,1,0,0,0,0,0,0,0,0,0,0,0,0,0,0,0,0,0,0,0,0,0,1,0,0,0,1,0,0,0,454,0,4,1,2,1,0,0,0,0,0,0,0,0,0,0,0,1,0,0,0,0,0,0,0,0,0,0,0,0,0,0,0,0,230,1,5,0,5,0,0,0,0,0,0,775,1760,181,57.9%,6.3%,46.6%,5.9%,19.5%,7.1%,867," $25,750.00 "," $14,585.00 "," $36,577.00 "," $5,643.00 "
36.02,0,3,0,0,0,0,3,0,0,1,252,0,0,0,0,1,1,0,0,0,2,0,0,4,1,0,0,0,0,0,0,0,0,0,0,3,0,0,1,1,0,0,0,0,0,0,0,0,1,0,0,0,0,0,0,0,0,2,0,0,0,0,0,0,0,0,0,0,1,0,1,1,0,0,0,1,0,0,0,0,0,0,0,0,0,0,1,1,1,0,0,0,0,0,0,0,1,0,0,0,0,0,1,2,0,0,0,0,0,0,0,0,0,0,0,0,1,0,0,1,1,0,0,1,0,0,1,0,1,0,0,0,0,0,0,0,0,0,1,0,0,0,0,0,0,1,0,0,0,2,0,0,0,1,0,0,0,0,1,0,0,0,2,1,0,0,0,0,1,0,0,0,0,0,0,0,0,0,0,0,0,0,0,1,0,0,9,0,0,0,0,0,0,0,577,13,16,2,0,0,0,0,0,0,0,0,0,0,0,1,0,1,0,0,0,0,0,0,0,0,1,0,0,0,0,0,0,0,4,0,7,0,2,0,1,0,0,0,1,939,1741,145,70.4%,5.0%,61.6%,5.3%,12.4%,4.9%,957," $41,676.00 "," $6,519.00 "," $48,475.00 "," $4,779.00 "
38,0,0,0,0,0,0,0,0,0,0,26,2,0,0,0,0,0,0,0,0,0,0,0,1,0,0,0,0,0,0,0,1,1,0,0,0,0,0,0,0,1,0,0,0,0,0,0,0,0,0,1,0,0,0,0,0,0,1,0,2,0,0,0,0,0,0,0,2,0,1,0,0,0,0,0,0,0,0,0,0,0,0,0,0,0,0,1,0,0,0,0,0,0,0,0,0,0,0,0,0,0,0,0,1,0,0,0,0,0,0,0,0,0,0,0,0,0,0,0,0,0,0,0,0,2,0,0,0,0,0,0,0,0,0,0,0,0,0,0,0,0,0,0,0,1,0,0,0,0,0,0,0,0,0,0,0,0,0,0,0,0,0,0,2,0,0,0,0,0,0,0,0,0,0,0,0,0,0,0,0,0,0,0,1,0,0,3,0,1,0,0,0,0,0,351,2,5,1,1,1,0,0,0,0,0,0,1,0,0,0,0,0,0,0,0,0,0,21,0,0,0,0,0,0,0,0,0,0,292,0,3,0,0,0,0,0,0,0,1,730,1883,216,51.5%,8.7%,39.4%,8.0%,23.4%,8.6%,936," $25,682.00 "," $9,498.00 "," $32,565.00 "," $6,614.00 "
39,0,0,0,0,0,0,0,0,0,0,59,6,0,0,0,0,0,0,0,0,0,0,0,1,0,0,0,0,0,0,0,0,1,0,0,0,0,0,0,0,7,0,0,0,0,0,2,0,1,0,3,0,0,0,0,0,0,3,0,5,0,0,0,0,0,0,0,0,0,0,0,0,0,0,0,0,0,0,0,0,0,0,0,0,0,0,0,0,0,0,0,0,0,0,1,0,0,0,0,0,0,1,0,0,0,0,0,0,0,0,0,0,0,0,0,0,0,0,0,0,0,0,0,0,0,0,0,0,0,0,0,0,0,0,0,0,0,0,0,0,0,0,0,0,0,0,0,0,0,0,0,0,0,0,0,0,0,0,0,0,0,0,0,0,0,0,0,0,0,0,0,0,0,0,0,0,0,0,0,0,0,0,0,1,0,2,1,3,0,0,0,0,5,0,350,1,9,0,0,0,0,0,0,0,0,0,0,0,0,0,0,0,0,0,0,0,0,60,0,0,0,0,0,0,0,0,0,0,428,1,10,0,0,0,0,0,0,0,1,962,2401,251,47.1%,7.0%,35.9%,5.9%,23.8%,6.3%,1242," $19,758.00 "," $6,165.00 "," $28,839.00 "," $4,166.00 "
40,0,0,0,0,0,0,0,0,1,0,104,7,0,0,0,0,0,0,0,0,0,0,0,0,0,0,0,1,0,0,0,1,1,0,0,0,0,0,0,0,2,2,0,0,0,0,0,0,0,0,2,0,0,0,0,1,0,0,0,3,0,1,0,0,0,0,2,0,0,1,0,0,3,0,0,0,0,1,0,0,0,1,0,0,0,1,0,0,0,0,0,0,0,0,0,0,0,0,0,0,0,0,0,1,0,0,0,0,0,0,0,0,0,0,0,0,0,0,0,0,0,0,0,0,0,0,0,0,0,0,0,0,0,0,0,0,0,0,0,0,0,0,0,0,0,0,0,0,0,2,0,0,0,0,0,1,0,0,0,0,0,0,0,0,0,0,0,0,0,0,0,0,0,0,0,0,0,0,0,0,0,0,0,0,0,0,0,3,1,0,0,0,0,0,125,4,14,4,7,1,0,0,0,0,0,0,0,0,0,0,0,0,0,0,0,0,0,17,0,0,0,0,0,0,0,0,0,0,123,0,12,0,2,0,0,0,0,0,0,452,1201,260,54.1%,10.9%,46.7%,10.1%,13.7%,9.0%,529," $29,438.00 "," $12,507.00 "," $40,729.00 "," $11,965.00 "
42,0,0,0,0,0,0,0,0,0,0,585,5,0,0,1,0,0,0,0,0,0,0,0,2,0,0,0,1,0,0,0,1,1,0,0,0,0,0,0,0,4,0,0,0,0,1,1,0,2,0,0,0,0,0,0,1,0,0,0,2,0,0,0,0,0,0,0,0,0,0,0,0,0,0,0,0,0,0,0,1,0,0,2,2,0,0,0,0,0,1,0,0,0,0,0,0,0,1,0,0,0,0,0,2,0,0,0,0,0,0,1,0,0,0,0,0,0,0,0,0,0,0,0,0,0,0,0,0,0,0,1,8,0,0,0,0,0,0,0,0,0,0,0,0,1,0,0,0,0,4,0,0,0,0,0,2,0,0,0,0,1,0,0,0,0,0,0,0,0,1,0,0,0,0,0,0,0,0,0,0,0,0,0,1,0,0,1,0,0,0,0,0,4,0,50,3,11,0,4,0,1,1,0,0,0,0,0,0,2,0,0,0,1,0,0,0,0,2,0,0,0,0,0,0,0,0,0,0,29,0,9,0,8,0,0,0,0,0,5,767,1444,121,55.3%,5.9%,33.7%,4.6%,39.0%,8.2%,933," $11,744.00 "," $1,463.00 "," $16,344.00 "," $2,516.00 "
43.01,3,0,2,0,0,0,0,0,0,0,115,0,0,0,0,0,0,0,0,0,1,0,1,4,0,0,0,0,0,0,0,0,2,0,0,0,0,0,0,0,0,0,0,0,0,0,0,0,0,0,0,0,0,0,0,0,0,0,0,0,0,0,0,0,0,0,0,0,1,0,0,0,0,2,0,0,2,1,0,0,1,0,0,0,0,0,1,0,0,0,0,0,0,0,0,0,0,0,0,0,0,0,0,0,0,0,2,0,0,0,0,0,3,0,0,0,0,5,0,0,0,0,0,0,0,0,0,0,0,0,0,0,0,0,0,0,0,0,0,0,0,0,0,0,0,0,0,0,0,0,0,0,0,0,0,0,0,0,0,0,1,0,0,0,0,0,0,0,2,0,0,0,0,0,0,0,0,0,0,0,0,0,0,0,0,0,1,0,0,0,0,2,0,0,0,2,1,3,0,0,0,0,0,0,0,0,0,0,0,0,0,0,0,0,0,0,0,0,0,0,0,0,0,0,0,0,0,0,0,0,0,0,0,0,0,0,0,0,1,159,1512,191,33.9%,8.0%,26.7%,7.6%,21.3%,9.2%,528," $9,268.00 "," $1,054.00 "," $23,893.00 "," $14,003.00 "
43.02,19,10,3,0,0,0,0,0,0,0,47,1,0,0,0,0,0,0,0,0,2,0,3,3,0,0,0,0,0,0,0,0,3,0,0,0,0,0,0,1,2,0,0,0,0,1,1,0,0,0,0,0,1,0,5,0,0,6,0,2,0,0,0,0,0,2,0,0,2,2,3,0,1,0,0,0,10,0,0,0,0,0,0,0,0,1,0,0,0,0,1,0,0,0,0,0,1,0,0,22,0,0,0,0,0,0,1,0,0,0,0,0,0,0,1,2,0,5,0,0,1,0,0,0,0,0,0,2,0,0,0,0,0,0,0,0,0,0,0,0,0,0,0,0,0,1,1,0,0,0,0,0,0,0,1,0,0,0,0,0,0,4,0,3,0,1,0,0,1,0,0,1,0,0,0,0,0,1,0,0,0,0,1,0,0,0,11,9,0,0,0,1,0,0,2,6,9,3,0,1,1,0,1,0,1,0,0,0,0,3,1,0,0,1,2,0,0,8,0,0,0,0,0,0,0,0,0,0,6,0,1,0,0,0,0,0,0,0,8,257,6678,532,31.6%,3.8%,24.0%,3.2%,23.8%,6.6%,475," $9,171.00 "," $1,324.00 "," $12,762.00 "," $2,994.00 "
44,0,1,0,0,0,0,0,0,0,0,18,0,0,0,0,0,0,0,0,0,0,0,0,0,0,0,0,0,0,0,0,0,0,0,0,0,0,0,0,0,0,0,0,0,1,0,1,0,0,0,0,0,0,0,0,0,0,2,0,0,0,0,0,0,0,0,0,0,0,0,0,0,0,0,0,0,2,0,0,0,0,0,0,0,0,0,0,0,0,0,0,0,0,0,0,0,0,0,0,0,0,0,0,0,0,0,0,0,0,0,0,0,0,0,0,0,0,0,0,0,0,0,0,0,0,0,0,0,0,0,0,0,0,0,0,0,0,1,0,0,0,0,0,0,0,0,0,0,0,0,0,0,0,0,0,0,0,0,0,2,0,0,0,0,0,0,0,0,0,0,0,0,0,0,0,0,0,0,0,0,0,0,0,0,0,0,0,100,0,0,0,0,0,0,244,0,0,0,0,0,0,0,0,0,0,0,0,0,0,0,0,0,1,0,0,0,0,56,0,0,0,0,0,0,0,0,0,0,187,0,0,0,0,1,0,0,0,0,0,617,1956,202,54.9%,6.8%,52.7%,6.6%,3.9%,3.0%,637," $19,844.00 "," $8,884.00 "," $60,753.00 "," $10,390.00 "
45,0,0,0,0,0,0,0,0,0,0,20,5,0,0,0,0,0,0,0,0,0,0,0,2,0,0,1,0,0,0,0,0,1,0,0,0,0,0,0,0,2,0,0,0,0,0,1,1,0,0,0,0,1,0,0,0,0,1,0,4,0,0,0,0,0,0,0,0,1,1,1,0,1,0,0,0,0,0,0,0,0,0,0,0,0,0,0,0,0,0,0,0,0,0,0,0,0,0,0,0,0,0,0,0,0,0,0,0,0,0,0,0,0,0,0,1,0,0,0,0,0,0,0,0,2,0,0,0,1,0,0,0,0,0,0,0,0,0,0,0,2,0,0,0,0,0,0,0,0,0,0,0,0,0,0,0,0,0,0,0,0,0,0,2,0,0,0,0,0,0,0,0,0,0,0,0,0,0,0,0,0,0,0,0,0,0,1,78,0,0,0,0,0,0,811,3,5,1,0,0,0,0,1,0,0,0,0,0,1,0,0,0,0,0,1,0,0,75,0,0,0,0,0,0,0,0,0,0,515,0,3,0,1,0,0,0,0,0,0,1547,3687,442,65.1%,8.6%,61.5%,8.3%,5.1%,3.2%,1503," $48,380.00 "," $13,909.00 "," $60,331.00 "," $7,473.00 "
46,0,0,0,0,0,0,0,0,0,0,24,1,0,0,0,0,0,0,0,0,0,0,0,0,0,0,0,0,0,0,0,0,2,0,0,2,0,1,0,0,2,0,0,0,0,0,3,0,0,0,0,0,0,0,0,0,0,15,0,0,1,0,0,0,0,0,0,0,0,1,0,1,0,0,0,2,2,0,1,0,0,1,0,0,0,0,0,0,0,0,0,0,0,0,0,0,0,0,0,0,0,1,0,1,0,0,1,0,1,0,0,0,0,0,0,0,0,0,0,0,0,0,0,0,0,0,0,0,0,0,0,0,0,0,0,0,0,0,0,0,0,0,0,0,0,0,3,0,0,3,0,0,0,0,0,0,0,1,0,0,0,0,0,1,0,0,0,0,2,0,0,0,0,0,0,0,0,0,0,0,0,0,0,2,0,0,0,0,0,0,0,0,0,0,1752,2,1,0,0,0,8,0,1,0,0,0,0,0,0,0,0,0,0,2,0,1,0,1,0,0,0,0,0,0,0,0,0,0,100,0,5,0,0,0,0,0,2,0,1,1951,4479,327,59.2%,5.3%,54.5%,5.9%,7.8%,3.5%,1984," $73,000.00 "," $20,521.00 "," $100,256.00 "," $17,979.00 "
48,0,0,0,0,0,0,0,0,0,0,0,0,0,0,0,0,0,0,0,0,1,0,1,1,0,0,0,0,0,0,0,0,0,0,0,0,0,0,0,0,0,0,0,0,0,0,0,0,0,0,0,0,0,0,0,0,0,2,0,0,0,0,0,1,0,0,0,0,0,0,0,1,0,0,0,0,0,1,0,0,0,0,0,0,0,0,0,0,0,0,0,0,0,0,0,0,0,0,0,0,0,0,0,0,0,0,0,0,0,0,0,0,0,0,0,0,0,0,0,0,0,0,0,0,1,0,0,0,0,0,0,0,0,0,0,0,0,0,0,0,0,0,0,0,0,1,0,0,0,0,0,0,0,0,0,0,0,0,0,0,0,0,2,0,0,0,0,0,0,0,0,0,0,0,0,0,0,0,0,0,0,0,0,0,0,0,0,0,0,0,0,1,0,0,623,0,0,0,0,2,0,0,0,0,0,0,0,0,0,0,0,1,0,0,0,0,0,2,0,0,0,0,0,0,0,0,0,0,33,0,0,0,0,0,0,0,0,0,0,674,1300,124,61.4%,7.1%,60.3%,7.0%,1.8%,2.1%,664," $65,278.00 "," $11,819.00 "," $75,381.00 "," $7,083.00 "
49,0,0,0,0,0,0,0,0,0,0,2,1,0,0,0,0,0,0,0,0,0,0,0,0,0,0,0,0,0,0,0,0,0,0,0,0,0,0,0,0,1,0,0,0,0,0,0,0,1,0,0,0,0,0,0,0,0,1,0,1,0,0,0,0,0,0,0,0,0,0,0,0,0,0,0,0,0,0,0,0,0,0,1,0,0,0,0,0,0,0,0,0,0,0,0,0,0,0,0,0,0,0,0,0,0,0,0,0,0,0,0,0,0,0,0,0,0,0,0,0,0,0,0,0,0,0,0,0,0,0,0,0,0,0,0,0,0,0,0,0,0,0,0,0,0,0,0,0,0,0,0,0,0,0,0,0,0,0,0,0,0,0,0,0,0,0,0,0,0,0,0,0,1,0,0,0,0,0,0,0,0,0,0,0,1,0,0,0,0,0,0,0,0,0,441,0,1,0,0,0,0,0,0,0,0,0,0,0,0,0,0,0,0,0,0,0,0,11,0,0,0,0,0,0,0,0,0,0,134,0,0,0,0,0,0,0,0,0,0,597,1018,133,53.8%,8.0%,50.3%,8.6%,6.6%,6.2%,531," $39,688.00 "," $11,871.00 "," $55,202.00 "," $9,440.00 "
50,0,0,0,0,0,0,0,0,0,0,10,1,0,0,0,0,0,0,0,0,0,0,0,0,0,0,0,0,0,0,0,0,0,0,0,0,0,0,0,0,1,0,0,0,1,0,1,0,0,0,0,0,0,0,0,0,0,1,0,1,0,0,0,0,0,0,0,0,0,0,0,0,0,0,0,0,0,0,0,0,0,2,0,0,0,0,0,0,0,0,0,0,0,0,0,0,0,0,0,0,0,0,0,0,0,0,0,0,0,0,0,0,0,0,0,0,0,0,0,0,0,0,0,0,0,0,0,0,0,0,0,0,0,0,0,0,0,0,0,0,0,0,0,0,0,0,0,0,0,0,0,0,0,0,0,0,0,0,0,0,0,0,0,0,0,0,0,0,0,0,0,0,0,0,0,0,0,0,0,0,0,0,0,0,0,0,0,0,1,0,0,0,0,0,740,0,1,0,0,0,0,0,0,0,0,0,0,0,0,0,0,0,1,0,0,0,0,14,0,0,0,0,0,0,0,0,0,0,239,0,0,0,0,0,0,0,0,0,0,1014,2139,145,79.1%,5.0%,71.4%,4.9%,9.6%,3.5%,1064," $66,371.00 "," $8,683.00 "," $84,146.00 "," $9,067.00 "
51,0,0,0,0,0,0,0,0,0,0,33,6,0,0,0,0,0,0,0,0,0,0,1,1,0,0,0,0,0,0,0,0,0,0,0,0,0,0,0,0,2,0,0,0,2,0,0,0,0,0,0,0,0,0,0,1,0,0,0,2,0,0,0,0,0,0,0,0,0,0,0,0,0,0,0,0,0,0,0,0,0,0,0,0,0,0,0,0,0,0,0,0,0,0,0,0,0,0,0,0,0,1,0,0,0,0,0,0,0,0,0,0,0,0,0,0,0,0,0,0,0,0,0,0,1,0,0,0,0,0,0,0,0,0,0,0,0,0,0,0,0,0,0,0,0,1,0,0,0,0,0,0,0,0,0,1,0,0,0,0,0,0,0,0,0,0,0,0,0,0,0,0,0,0,0,0,0,0,0,0,0,0,0,1,0,0,1,0,1,0,0,0,0,0,536,4,4,1,0,0,1,0,0,0,0,0,0,0,3,0,0,0,0,0,0,0,0,14,0,0,0,0,0,0,0,0,0,0,280,0,15,0,0,0,0,0,0,0,0,913,1576,171,52.3%,6.1%,43.8%,5.5%,16.4%,6.5%,840," $24,394.00 "," $6,017.00 "," $34,822.00 "," $4,493.00 "
52,0,0,0,0,0,0,0,0,0,0,27,10,0,0,0,0,0,0,0,0,0,0,0,1,0,0,0,0,0,0,0,0,0,0,0,0,0,0,0,0,8,0,0,0,0,0,1,0,0,0,0,0,0,0,0,1,0,0,0,4,0,0,0,0,0,0,0,0,1,1,0,0,0,0,0,0,0,0,3,0,0,0,0,0,0,0,0,0,0,0,0,0,0,0,0,0,0,0,0,0,0,0,0,0,0,0,0,0,0,0,1,0,0,0,0,0,0,0,0,0,0,0,0,0,0,0,0,0,1,0,0,0,0,0,0,0,0,0,0,0,0,0,0,0,0,0,0,0,0,0,0,0,0,0,0,0,0,0,0,0,0,0,0,0,0,0,0,0,0,0,0,0,0,0,0,0,0,0,0,0,0,0,0,0,0,0,1,1,0,0,0,0,0,0,333,1,7,1,0,0,1,0,1,0,0,0,0,0,1,0,0,1,1,0,0,0,0,34,0,0,0,0,0,0,0,0,0,0,306,0,6,0,0,0,0,0,0,0,1,755,1492,223,48.9%,5.9%,36.4%,6.4%,25.5%,9.1%,668," $22,708.00 "," $5,034.00 "," $34,021.00 "," $6,712.00 "
53,0,0,0,0,0,0,0,0,0,0,24,3,0,0,0,0,0,2,0,0,0,0,0,0,0,0,0,0,0,0,0,1,2,0,0,0,0,0,0,0,7,0,0,0,0,0,1,0,0,0,4,0,0,0,0,0,0,1,0,5,0,0,0,0,0,0,0,0,0,1,0,0,0,0,0,0,0,0,1,0,0,0,0,0,0,0,0,0,0,1,0,0,0,0,0,0,0,0,0,0,0,1,0,1,0,0,0,0,0,0,0,0,0,0,0,0,0,0,0,0,0,0,0,0,0,0,0,0,0,0,0,1,0,0,0,0,0,0,0,0,0,0,0,0,0,0,1,1,0,0,0,0,0,0,0,0,0,0,0,0,0,0,0,0,0,0,1,0,0,0,0,0,0,0,0,0,0,0,0,0,0,0,0,1,0,0,0,3,2,0,0,0,0,0,162,0,4,0,5,0,0,0,0,0,0,0,0,0,1,0,0,0,0,0,0,0,0,29,0,0,0,0,0,0,0,0,0,0,179,0,10,0,2,0,0,0,0,0,1,458,1212,163,41.5%,7.5%,31.2%,6.7%,24.9%,9.8%,554," $21,382.00 "," $5,436.00 "," $29,725.00 "," $5,156.00 "
54,0,0,0,0,0,0,0,0,0,0,39,4,0,0,0,0,0,0,0,0,0,0,1,0,0,0,0,0,0,0,0,0,0,0,0,0,0,0,0,0,9,0,0,0,0,0,0,0,1,0,0,0,0,0,0,0,0,2,0,4,0,0,0,0,0,0,0,0,0,1,1,0,1,0,0,0,0,0,0,0,0,0,0,0,0,0,0,0,0,0,0,0,0,0,1,0,0,0,0,0,0,0,0,0,0,0,0,0,0,0,0,0,0,0,0,0,0,0,0,0,0,0,0,0,0,0,0,0,1,0,1,0,0,0,0,1,0,0,0,0,0,1,0,0,0,0,0,0,0,0,0,0,0,0,0,0,0,0,0,1,0,0,0,0,0,1,0,0,0,0,0,0,0,0,0,0,0,0,0,1,0,0,0,2,0,0,1,1,0,0,0,0,0,1,456,2,6,1,1,0,0,0,0,0,0,0,0,0,0,0,0,0,0,0,1,0,0,59,0,0,0,0,0,0,0,0,0,0,414,0,14,0,2,0,0,0,0,0,2,1034,2096,168,53.0%,6.7%,37.3%,7.4%,29.6%,10.3%,873," $29,938.00 "," $9,913.00 "," $49,676.00 "," $20,160.00 "
55,0,1,0,0,0,0,0,0,0,0,211,0,0,0,0,0,0,0,0,0,0,0,0,0,0,0,0,3,0,0,0,0,0,0,0,0,5,0,0,0,1,0,0,0,0,0,0,0,1,0,0,0,0,0,0,0,0,0,0,1,0,0,0,0,0,0,0,0,0,0,0,0,1,0,0,0,0,0,0,1,0,0,2,0,0,0,0,0,0,0,0,0,0,0,0,0,1,0,0,0,0,0,0,0,0,0,0,2,0,0,0,0,0,0,0,0,0,0,0,0,0,0,0,0,0,0,0,0,0,0,1,4,0,0,0,0,0,0,0,0,0,1,0,0,0,0,0,0,0,3,0,0,0,0,0,0,0,0,0,0,0,1,0,0,0,0,0,0,0,0,0,0,1,0,0,0,0,0,0,0,0,0,0,7,0,0,1,0,0,0,1,0,1,0,475,1,9,2,1,0,0,0,0,0,0,0,0,0,0,0,0,0,0,0,0,1,0,1,1,0,0,0,0,0,0,0,0,0,112,0,12,0,28,0,0,0,0,0,0,894,3115,318,62.5%,6.5%,58.3%,6.6%,6.8%,4.1%,1780," $28,953.00 "," $1,948.00 "," $33,992.00 "," $4,493.00 "
56.01,0,0,0,0,0,0,0,0,0,0,0,1,2,0,0,0,0,0,0,0,0,0,0,0,0,0,1,0,0,0,0,0,0,0,1,1,1,0,0,0,2,0,0,0,0,0,0,1,1,0,1,0,0,0,0,0,0,2,0,0,0,0,0,0,0,0,0,0,0,1,0,1,0,0,0,0,0,0,0,0,0,0,0,0,0,0,0,0,0,0,0,0,0,0,0,0,0,0,0,0,0,0,0,0,0,0,0,0,0,0,0,0,0,0,0,0,0,0,0,0,0,0,0,0,0,0,0,0,0,0,0,0,0,1,0,0,0,0,0,0,0,0,0,0,0,0,0,0,0,0,0,0,0,0,0,0,0,0,0,0,0,0,0,0,0,0,0,0,0,0,0,0,0,0,0,0,0,0,0,1,0,0,0,0,1,0,0,1,1,0,0,0,0,0,600,0,0,0,0,0,0,0,0,0,0,0,0,0,0,0,0,0,0,0,0,0,0,1,0,0,0,0,0,0,0,0,0,0,111,0,0,0,0,0,0,0,0,0,0,733,1205,84,72.0%,5.7%,68.6%,6.0%,4.6%,2.9%,690," $79,070.00 "," $5,741.00 "," $101,697.00 "," $22,190.00 "
56.02,0,4,1,0,0,0,0,0,0,0,11,0,1,0,0,0,0,0,0,0,0,0,0,0,0,0,0,0,0,0,0,0,0,0,0,0,0,0,0,0,0,0,0,0,0,0,0,0,0,0,0,0,0,0,0,0,0,0,0,0,0,0,0,0,0,0,0,0,0,2,0,0,0,0,0,0,0,0,0,0,0,0,0,0,0,0,0,0,0,0,0,0,0,0,0,0,0,0,0,0,0,0,0,0,0,0,0,0,0,0,0,0,0,0,0,0,0,0,1,0,0,0,0,0,0,0,0,0,0,0,0,0,0,0,0,0,0,0,0,0,0,0,0,0,0,0,0,0,0,0,0,0,0,0,0,0,0,0,0,0,0,2,0,0,0,0,0,0,0,0,0,0,0,0,0,0,0,0,0,0,0,0,0,0,0,0,0,0,0,0,0,0,0,0,23,0,0,0,0,0,1,0,0,0,0,0,0,0,0,125,0,0,0,0,0,0,0,0,0,0,0,0,0,0,0,0,0,0,0,0,0,0,0,0,0,0,0,0,0,171,3725,441,37.2%,4.0%,31.5%,3.8%,15.3%,4.6%,198," $13,304.00 "," $15,193.00 "," $38,385.00 "," $15,255.00 "
57,0,0,0,0,0,0,0,0,0,0,12,4,0,0,0,0,0,0,0,0,0,0,0,2,0,0,0,1,0,0,0,0,0,0,0,0,1,0,0,0,3,0,0,0,2,0,0,0,0,0,0,0,0,0,0,0,0,1,0,2,0,0,0,0,0,0,0,0,0,0,0,0,0,0,0,0,0,0,1,0,0,0,0,0,0,0,0,0,0,0,0,0,0,0,0,0,0,0,0,0,0,0,0,0,0,0,0,0,1,0,0,0,0,0,0,0,0,0,0,0,0,0,0,0,0,0,0,0,0,0,0,0,0,0,0,0,0,0,0,0,0,0,0,0,0,0,0,0,0,0,0,0,0,0,0,0,0,0,0,0,0,0,0,1,0,0,0,0,0,0,0,0,0,0,0,0,0,0,0,1,0,0,0,1,0,0,0,0,1,0,0,0,0,0,574,2,4,0,0,0,1,0,0,0,0,0,0,0,2,0,0,0,0,0,0,0,0,9,0,0,0,0,0,0,0,0,0,0,149,0,9,0,0,0,0,0,0,0,0,784,1352,141,62.7%,7.9%,54.6%,8.1%,13.0%,5.2%,723," $36,354.00 "," $11,621.00 "," $44,506.00 "," $5,753.00 "
58,0,0,0,0,0,0,0,0,0,0,48,1,0,0,0,0,0,0,0,0,0,0,0,0,0,0,0,0,0,0,0,0,0,0,0,0,0,0,0,0,7,0,0,0,1,0,0,0,1,0,1,0,0,0,0,0,0,0,0,0,0,0,0,0,0,0,0,0,0,0,0,0,0,0,1,0,0,0,0,0,0,0,0,0,0,0,0,0,0,0,0,0,0,0,0,0,0,0,1,0,0,0,0,0,0,0,0,0,0,0,0,0,0,0,0,0,0,0,0,0,0,0,0,0,0,0,0,0,0,0,0,0,0,0,0,0,0,0,0,0,0,0,0,0,0,0,0,0,0,0,0,0,0,0,0,0,0,0,0,0,0,0,0,0,0,0,0,0,0,0,0,0,0,0,0,0,0,0,0,0,0,0,0,1,0,0,0,0,1,0,0,0,0,0,545,0,0,0,2,0,0,0,0,0,0,0,0,0,0,0,0,0,2,0,0,0,0,19,0,0,0,0,0,0,0,0,0,0,322,0,1,0,1,0,0,0,0,0,0,955,1767,197,54.2%,5.9%,42.6%,5.9%,21.3%,7.8%,836," $29,014.00 "," $2,913.00 "," $35,750.00 "," $5,385.00 "
59,0,0,0,0,0,0,0,0,0,0,22,2,0,0,0,0,0,0,0,0,0,0,0,0,0,0,0,0,0,0,0,0,0,0,0,0,0,0,0,0,3,0,0,0,0,0,0,0,0,0,0,0,0,0,0,0,0,0,0,2,0,0,0,0,0,0,0,0,0,0,0,0,0,0,0,0,0,0,0,0,0,0,0,0,0,0,0,0,0,0,0,0,0,0,0,0,0,0,0,0,0,0,0,1,0,0,0,0,0,0,0,0,0,0,0,0,0,0,0,0,0,0,0,0,0,0,0,0,0,0,0,0,1,0,0,0,0,0,0,0,0,0,0,0,0,0,0,0,0,0,0,0,0,0,1,0,0,0,0,0,0,0,0,0,0,0,0,0,1,0,0,0,0,0,0,0,0,0,0,0,0,0,0,0,0,0,0,0,1,0,0,0,0,0,393,1,1,0,0,0,0,0,0,0,0,0,0,0,1,0,0,0,0,0,0,0,0,12,0,0,0,0,0,0,0,0,0,0,220,0,9,0,0,0,0,0,0,0,0,671,1327,180,50.1%,8.0%,35.8%,7.4%,28.6%,10.4%,559," $29,297.00 "," $9,934.00 "," $30,564.00 "," $5,923.00 "
60,0,0,0,0,0,0,0,0,1,0,129,6,1,0,0,0,0,0,0,0,0,0,0,2,0,0,0,0,0,0,0,0,0,0,0,0,0,0,1,0,4,0,0,0,0,0,2,2,0,0,1,0,0,0,0,0,0,3,0,2,0,0,0,0,0,0,0,0,0,0,0,0,0,0,0,0,0,1,0,0,0,0,0,0,0,0,0,0,0,0,0,1,0,0,0,0,0,0,0,0,0,0,1,0,0,0,0,0,1,0,0,0,0,0,0,2,0,0,0,0,0,0,0,0,0,0,0,0,0,0,1,0,0,0,0,0,0,0,0,0,0,0,0,0,0,1,0,0,0,0,0,0,0,0,0,0,0,1,0,0,0,0,0,1,0,0,0,0,0,0,0,0,0,0,0,0,0,0,0,1,0,2,0,2,0,0,2,0,1,0,0,0,0,0,1148,2,11,0,0,1,0,0,2,0,0,0,0,0,0,0,1,0,0,0,1,0,0,14,0,0,0,0,0,0,0,0,0,0,135,0,5,0,2,0,0,0,0,0,1,1495,2865,222,61.5%,5.8%,55.9%,5.9%,8.9%,3.6%,1541," $33,720.00 "," $7,381.00 "," $53,426.00 "," $6,764.00 "
61.01,0,0,0,1,0,1,0,0,0,1,54,5,0,0,0,0,3,0,1,1,1,0,1,4,0,0,0,0,0,0,0,2,2,0,0,0,0,0,1,0,4,0,0,0,0,0,0,0,0,0,1,0,0,0,0,1,1,1,0,2,0,0,0,0,0,0,0,0,0,0,0,0,1,0,0,3,0,1,1,0,0,0,0,0,1,0,1,0,0,2,0,0,0,0,1,0,0,0,0,0,0,1,0,3,0,0,0,0,0,0,0,0,0,0,0,0,0,0,0,0,0,0,0,0,1,1,0,0,0,0,1,0,0,0,0,0,0,0,1,0,0,0,0,0,0,2,2,0,0,2,0,0,0,0,0,0,0,0,0,0,0,0,0,1,0,0,0,0,0,0,0,0,0,0,0,0,0,0,0,0,0,0,0,0,0,0,2,0,0,0,0,1,2,0,792,16,14,1,0,0,0,0,0,0,0,0,0,0,2,0,1,1,0,0,1,1,0,3,0,0,0,0,0,0,0,0,0,0,147,2,14,0,1,0,0,0,0,0,4,1119,3041,277,47.7%,5.6%,43.8%,5.9%,8.1%,4.8%,1422," $28,933.00 "," $4,167.00 "," $36,939.00 "," $4,209.00 "
61.02,0,0,0,0,0,0,0,0,0,0,16,0,0,0,0,0,0,0,0,0,0,0,0,0,0,0,0,0,0,0,0,1,1,0,0,0,0,0,0,1,0,0,0,0,0,0,0,0,0,0,0,0,1,0,0,0,0,0,0,0,0,0,0,0,0,0,0,0,0,0,0,0,0,0,0,0,0,1,0,0,0,0,0,0,0,0,0,0,0,0,0,0,1,0,0,0,0,0,0,0,0,0,0,2,0,0,0,0,0,0,0,0,0,0,0,0,0,5,0,0,0,0,0,0,0,1,0,0,0,0,0,0,0,0,0,0,0,0,0,0,0,0,0,0,0,0,0,0,0,10,1,0,0,0,0,1,0,0,0,0,0,0,0,0,0,0,0,1,6,0,0,0,0,0,0,0,0,0,0,0,0,0,0,0,0,0,0,0,0,0,0,2,0,0,61,0,1,0,0,0,0,0,0,0,0,0,0,0,0,0,0,0,0,0,0,0,0,0,0,0,0,0,0,0,0,0,0,0,4,0,1,0,1,0,0,0,1,0,1,121,1753,150,49.8%,6.8%,42.6%,7.4%,14.4%,12.4%,1330," $21,744.00 "," $2,215.00 "," $41,784.00 "," $12,715.00 "
61.03,0,0,0,0,0,0,0,0,0,0,10,0,0,0,0,0,0,0,0,0,0,0,0,0,0,0,0,0,0,0,0,0,0,0,0,0,0,0,0,0,1,0,0,0,0,0,0,2,0,0,0,0,0,0,0,0,0,3,0,0,0,0,0,0,0,0,0,0,1,0,0,2,0,0,0,1,0,0,0,1,0,1,0,0,0,0,0,0,0,0,0,0,0,0,0,0,0,0,0,0,0,0,0,1,0,0,0,0,0,1,0,0,0,0,0,0,0,0,0,0,0,0,0,0,0,0,0,0,1,0,0,0,0,0,0,0,0,0,0,0,0,0,0,0,0,0,0,0,0,0,0,0,0,0,0,0,0,0,0,0,0,0,0,0,0,0,0,0,0,0,0,0,0,0,0,0,0,0,0,0,0,0,0,0,0,1,0,0,1,0,0,0,0,0,1053,0,2,0,0,0,0,0,0,0,0,0,0,0,0,0,0,0,1,0,0,0,0,5,0,0,0,0,0,0,0,0,0,0,41,0,3,0,0,0,0,0,0,0,1,1133,2082,149,73.2%,4.1%,68.0%,5.1%,5.7%,3.5%,1054," $64,565.00 "," $5,239.00 "," $74,034.00 "," $9,506.00 "
Grand Total,23,20,7,2,1,1,5,1,6,4,3681,452,4,4,1,13,9,8,4,8,10,9,33,92,6,3,9,23,2,1,1,13,46,1,1,14,11,1,7,5,121,7,1,1,8,8,29,7,20,4,22,0,6,2,5,11,6,60,1,98,8,2,2,1,2,11,3,2,16,19,19,17,37,2,5,8,17,12,11,4,1,8,10,6,1,2,5,14,1,12,5,1,1,1,11,3,10,3,1,22,2,15,3,32,1,2,23,6,5,3,3,1,3,1,16,7,2,83,2,3,2,6,1,4,14,13,1,2,9,1,10,52,1,1,3,4,1,1,4,1,3,5,3,4,2,10,10,1,5,195,1,1,2,2,8,17,20,2,4,3,4,8,5,37,3,6,2,2,31,2,1,3,3,2,1,1,2,6,1,15,2,3,2,70,2,3,88,223,26,1,5,18,12,4,24601,155,550,83,49,7,23,2,6,3,3,3,1,2,15,129,11,9,12,3,7,4,1,1071,5,2,5,6,1,1,1,1,2,3,10652,44,512,1,212,1,1,1,3,1,67,44783,,,,,,,,,,,,,
