Census Tract,Academic,Activities,Administration,Adult Care Facilities,Adult Day Care,Adult Enriched Housing,Adult Entertainment (X-Rated),Air Pollution / Air Quality Station,American Legion,"Animal Shelter, Vet",Apartments,Apts In Multi Use Bldg,Athletic Fields,Auditorium,Authority Garage,Auto Dealership,Auto Parts,Auto Related Services,Auto Rental,Auto Towing,Bagel/Donut Shop,Bakery,Bank,Bar,Bar (X-Rated),Bed & Breakfast,Benevolent Org,Body Shop,Bowling Alley,Bus Shelter,Bus Transfer  Hub,Business School,Cable Tv Facility,Car Wash,Cell Facility On Bldg,Cell Facility On Other Antenna,Cell Facility On Water Tower,Cell Tower,Cemetery,Chapel,Chinese,Chiropractic,Church,Church Hall,City Garage,City Government,City Park (Community Park),City Park (Downtown Park),City Park (Medians),City Park (Natural Area),City Park (Neighborhood Park),City Park (Open Space),City Park (Playground),Cnyrta Garage,Coffee,Cold Storage,College,Community Center,Community Police Center,Community Residence,Condo,Convenience Store,Convent,Converted House,Corrections,Country Club,County Garage,County Govt,County Neighborhood Office,County Park,Credit Union,Day Care,Deli,Dentist Office,Diner,Dining Hall,District Office,Doctor Office In House,Dorm,Drug Store,Dry Cleaner,Education (Non-Instructional),Educational Facility,El,Electric Facilty,"Electric, Gas Facility",Elks,Ems,Ems Staging Area,Ethnic Foods,Faculty Residence,Fast Food,Federal Govt,Feed Sales Outlet,Field Station,"Fire Dept (Admin, Training Etc)",Fire House,Fish,Fitness,Floatable Facility,Flood Control,Frat/Sor House,"Fuel Storage, Distribution",Funeral Home,Furniture,Gas Station,Glass,Golf Course,Government,Gymnasium,Health Facility,Heavy Equipment,High,Home Improvement,Homeless Shelter,Honeywell Lake Project,Hospital,Hospitality House (Non-Profit),Hotel,Ice Cream,Inactive Or Historic Cemetery,Indoor Parking Garage,Indoor Skating Rink,Indoor Sports,Infirmary,Jewelry,Junkyard,Large Retail Store,Laundromat,Law Office,Lawn And Snow Removal,Library,Library (Ocpl Member),Limousine Service,Liquor Store,Manufacturing,Masons,Mausoleum,"Meats, Fish",Miscellaneous Public Space,Moose,Mosque,Motel,Motorcycles,Movie Theatre,"Mufflers, Brakes",Multi Use Building,Museum,Natural Gas Facility,Neighborhood Shopping Center,Nursing Home,Nys Community Service,Off Campus Instructional,Office Bldg,Office Park,Office Supplies,Oil Change,Optometrist/Eye Care,Org / Management,Other Health Facility,Outdoor Parking Lot,Outdoor Sports,Painting,Park,Pharmacy,Physical Plant,Physical Therapy,Pizza,Playground,Police Station,Pool Hall / Video Games,Post Office,Private School Bus,Professional Bldg,Professional Bldg (Medical),Public Authority,Public Safety,Public Safety Administrative,Pump House,Pump Stations,Radio,Radio Broadcast Tower,Radio Station,Railroad Facility,Recruiting Office,Rectory,Regional Shopping Center,Religious Residence,Religious School,Repair,Reservoir,Rest Home (Non-Medical),Restaurant,Rooming House/ Sro,Rustproofing,School,School Bus Garage,Self Storage,Senior,Senior And Mixed,Sfd Virtual Sta,Single Family House,Small Retail Store,Small Single-Use Bldg,"Small, Multi-Use Bldg",Social Organization,Social Store,Special School,Special Social,Spiritual Center,Sporting Goods (Including Guns),Stadium,State Garage,State Govt,State Park,STJ HOSP,Storefront  Church,Student Housing,Sub Shop,Supermarkets,Swimming Pool,Synagogue,Take Out Food,Telephone Facility,Theatre,Three-Family House,Tires,Town/Vill/Park,Transmission,Treatment Plants,Truck Repair,Truck Stop,Truck Tires,Trucking Terminal,Trucks Only,Tv Station,Two-Family House,Used Car Only,Vacant Bldg,Vfw,Warehouse,Water Supply,Water Tank,Wholesale Club,Ymca,Youth Home,Zoo,Grand Total
1,0.00,0.00,0.00,0.00,0.00,0.00,0.00,0.00,0.00,0.00,0.02,0.00,0.00,0.00,0.00,0.01,0.00,0.00,0.00,0.00,0,0,0.006410256,0.003205128,0,0,0,0.003205128,0,0.003205128,0,0,0,0.003205128,0.012820513,0,0,0.009615385,0,0,0,0,0,0,0,0.003205128,0,0.003205128,0,0,0,0,0,0,0,0,0,0.003205128,0,0,0,0,0,0,0,0,0.006410256,0,0,0,0,0,0.003205128,0,0.003205128,0,0,0,0,0,0,0,0,0,0,0,0,0,0,0,0,0.003205128,0,0,0,0,0,0,0.003205128,0.006410256,0,0,0.006410256,0,0,0.003205128,0.003205128,0,0,0,0,0.009615385,0,0.003205128,0,0.003205128,0,0,0.006410256,0,0,0.166666667,0,0,0,0,0,0.003205128,0,0,0,0,0,0.003205128,0.006410256,0.032051282,0,0,0,0.006410256,0,0,0.003205128,0,0,0,0,0,0,0,0,0,0,0.032051282,0,0,0,0,0,0,0,0,0.003205128,0,0,0,0,0,0,0,0,0.003205128,0,0,0,0,0,0,0,0,0.003205128,0.003205128,0.003205128,0.012820513,0,0,0.006410256,0,0,0,0,0,0.003205128,0,0,0,0.003205128,0.006410256,0,0,0,0.096153846,0.003205128,0.067307692,0.003205128,0,0,0,0,0,0,0.006410256,0,0,0,0,0,0,0,0,0,0,0,0,0,0.009615385,0.003205128,0,0.006410256,0.019230769,0,0.003205128,0.003205128,0.003205128,0,0,0.112179487,0.006410256,0.096153846,0,0.115384615,0,0,0,0,0,0,1
2,0.00,0.00,0.00,0.00,0.00,0.00,0.00,0.00,0.00,0.00,0.05,0.01,0.00,0.00,0.00,0.00,0.00,0.00,0.00,0.00,0,0,0,0.002570694,0.002570694,0.000856898,0.000856898,0.003427592,0,0,0,0,0,0.000856898,0,0,0,0.000856898,0,0,0.000856898,0,0,0,0,0,0,0,0.000856898,0,0.000856898,0.000856898,0,0,0,0,0,0,0.000856898,0,0,0.002570694,0,0,0,0,0,0,0,0,0,0,0.000856898,0,0.000856898,0,0,0,0,0,0,0,0,0,0.000856898,0,0,0,0.000856898,0,0,0,0,0,0,0,0,0,0,0,0,0,0,0.001713796,0,0.000856898,0,0,0,0,0,0,0,0,0,0,0,0,0,0,0,0,0,0.000856898,0,0,0,0,0.000856898,0,0,0,0,0,0.000856898,0.002570694,0,0,0,0,0,0,0,0,0,0,0,0,0,0,0,0,0,0,0,0,0,0,0,0,0,0,0,0,0,0,0,0.000856898,0,0,0,0,0,0,0,0,0,0,0,0,0,0,0,0,0,0,0,0,0,0.000856898,0,0,0,0.002570694,0,0,0,0.000856898,0.000856898,0,0,0.455012853,0.00428449,0.009425878,0.000856898,0,0,0,0,0,0,0,0,0,0,0,0,0,0,0,0,0,0,0,0,0.024850043,0,0,0,0,0,0,0,0,0.001713796,0,0.353898886,0.005998286,0.027420737,0,0.011139674,0,0,0,0,0,0,1
3,0.00,0.00,0.00,0.00,0.00,0.00,0.00,0.00,0.00,0.00,0.08,0.00,0.00,0.00,0.00,0.00,0.00,0.00,0.00,0.00,0,0,0,0,0,0,0,0,0,0,0,0,0,0,0.001552795,0,0,0,0,0,0,0,0,0,0,0,0,0,0,0,0,0,0,0,0,0,0,0,0,0.001552795,0,0.001552795,0,0,0,0,0,0,0,0,0,0,0,0,0.001552795,0,0,0,0,0,0,0,0,0,0,0,0,0,0,0,0,0,0,0,0,0,0,0,0,0,0,0,0,0,0,0,0,0,0,0,0,0,0,0,0,0,0,0,0,0,0,0,0,0,0,0,0,0,0,0,0,0,0,0,0,0,0,0,0,0,0,0,0,0,0,0,0,0,0,0,0,0,0,0,0,0,0,0,0,0,0,0,0,0,0,0,0,0,0,0,0,0,0,0,0,0,0,0,0,0,0,0,0,0,0,0,0,0,0,0.001552795,0,0,0,0,0,0.001552795,0,0,0,0,0,0.736024845,0,0.001552795,0,0.001552795,0,0,0,0,0,0,0,0,0,0,0,0,0,0,0,0,0,0,0,0.001552795,0,0,0,0,0,0,0,0,0,0,0.163043478,0,0.004658385,0,0,0,0,0,0,0,0,1
4,0.00,0.00,0.00,0.00,0.00,0.00,0.00,0.00,0.00,0.00,0.01,0.01,0.00,0.00,0.00,0.00,0.00,0.00,0.00,0.00,0,0,0,0.000670691,0,0,0,0,0,0,0,0,0,0,0.000670691,0,0,0,0.001341382,0,0,0,0.000670691,0,0,0,0,0,0,0,0.000670691,0,0,0,0,0,0,0.000670691,0,0.000670691,0,0.000670691,0,0.000670691,0,0,0,0,0,0,0,0.000670691,0,0.000670691,0,0,0,0,0,0.000670691,0,0,0,0.000670691,0,0,0,0,0,0,0,0,0,0,0,0,0,0,0,0,0,0,0,0,0,0,0,0,0,0,0,0,0,0,0,0,0,0,0,0,0,0,0,0,0,0,0,0,0,0,0,0,0,0,0,0,0,0,0.000670691,0,0,0,0,0,0,0,0,0,0,0,0,0,0,0,0,0,0,0,0,0,0,0,0,0,0,0,0,0,0,0,0,0,0,0,0,0,0,0,0,0,0,0,0,0,0,0,0,0,0,0.000670691,0,0,0,0,0,0.000670691,0,0,0,0,0,0.753856472,0.000670691,0.004024145,0,0.000670691,0,0,0,0,0,0,0,0,0,0,0,0,0,0,0,0,0,0,0,0.007377599,0,0,0,0,0,0,0,0,0,0,0.200536553,0.000670691,0.004024145,0,0,0,0,0,0,0,0,1
5.01,0.00,0.00,0.00,0.00,0.00,0.00,0.00,0.00,0.00,0.00,0.10,0.11,0.00,0.00,0.00,0.00,0.00,0.00,0.00,0.00,0,0.00375,0,0.00625,0.0025,0,0.00125,0.00125,0,0,0,0,0,0,0.0025,0,0,0,0,0,0,0,0.005,0.0025,0,0,0,0,0.0025,0,0,0,0.00125,0,0,0,0,0,0,0,0,0.01,0.00125,0,0,0,0,0,0,0,0.00125,0,0,0.00125,0.005,0,0,0.00125,0,0.00125,0,0,0,0,0,0,0,0,0,0.00625,0,0,0,0,0,0.00125,0.00125,0,0,0,0,0,0,0.0025,0.00125,0.0025,0,0,0,0,0.0025,0,0,0,0,0,0,0,0,0.00125,0,0,0,0,0,0,0,0,0.00125,0,0,0,0,0,0,0.00125,0,0,0,0,0,0,0,0,0,0,0.00125,0,0,0,0,0,0,0.00125,0,0,0,0,0.00125,0,0,0,0,0,0,0,0,0,0,0,0,0,0,0,0,0,0,0,0,0,0,0,0,0,0,0.00125,0,0,0,0.0075,0,0,0.00375,0.00125,0,0.00125,0,0,0.00125,0,0,0.2025,0.01125,0.085,0.00125,0.00125,0,0,0,0,0,0,0,0,0,0,0,0,0,0,0,0,0,0,0,0.065,0,0.0025,0,0,0,0,0,0,0,0,0.22375,0.00375,0.08,0,0.01625,0,0,0,0,0,0,1
6,0.00,0.00,0.00,0.00,0.00,0.00,0.00,0.00,0.00,0.00,0.08,0.02,0.00,0.00,0.00,0.00,0.00,0.00,0.00,0.00,0,0,0,0.001256281,0,0.001256281,0.001256281,0,0,0.001256281,0,0,0,0,0.001256281,0,0,0,0,0,0,0,0.001256281,0.001256281,0,0,0,0,0,0,0,0,0,0,0,0,0,0,0,0,0,0.003768844,0.002512563,0,0,0,0,0,0,0,0,0,0,0,0,0,0,0,0,0,0,0,0,0,0,0,0,0,0,0,0,0,0,0,0,0,0,0,0.001256281,0,0,0,0,0,0,0.001256281,0,0,0,0,0,0,0,0,0,0,0,0,0,0,0,0,0,0,0,0,0,0,0,0,0,0,0,0,0,0,0,0,0,0,0,0,0,0,0,0,0,0,0,0,0,0,0,0,0,0,0,0,0,0,0,0,0,0,0,0,0,0.001256281,0,0,0,0,0,0,0,0,0,0,0,0,0,0,0,0,0,0.001256281,0,0.001256281,0,0,0,0,0.001256281,0,0,0.001256281,0,0,0.001256281,0,0,0.50879397,0,0.007537688,0,0,0,0,0,0,0,0,0,0,0,0,0,0,0,0,0,0,0,0,0,0.043969849,0,0,0,0,0,0,0,0,0,0,0.301507538,0,0.007537688,0,0.001256281,0,0,0,0,0,0,1
7,0.00,0.00,0.00,0.00,0.00,0.00,0.00,0.00,0.00,0.00,0.04,0.00,0.00,0.00,0.00,0.00,0.00,0.00,0.00,0.00,0,0,0,0,0,0,0,0,0,0.008163265,0,0,0,0,0,0,0,0,0,0,0,0,0,0,0,0,0,0,0.004081633,0,0,0,0,0,0,0,0,0,0,0,0,0.006122449,0,0,0,0,0,0,0,0,0,0,0,0,0,0,0,0,0,0,0,0,0,0,0,0,0,0,0,0,0,0,0,0,0,0,0,0,0,0,0,0,0,0,0,0,0,0,0,0,0,0,0,0,0,0,0,0,0,0,0,0,0,0,0,0,0,0,0,0,0,0,0,0,0,0,0,0,0,0,0,0,0,0,0,0,0,0,0,0,0,0,0,0,0,0,0,0,0,0,0,0,0,0,0,0,0,0,0,0,0,0,0,0,0,0,0,0,0,0,0,0,0,0,0,0,0,0,0,0.002040816,0,0,0,0,0,0,0,0,0,0,0,0.563265306,0,0.004081633,0,0,0,0,0,0,0,0,0,0,0,0,0,0,0,0,0,0,0,0,0,0.030612245,0,0,0,0,0,0,0,0,0,0,0.33877551,0,0.002040816,0,0,0,0,0,0,0,0,1
8,0.00,0.00,0.00,0.00,0.00,0.00,0.00,0.00,0.00,0.00,0.03,0.02,0.00,0.00,0.00,0.00,0.00,0.00,0.00,0.00,0,0.00110742,0,0.00110742,0,0,0,0,0,0,0,0,0,0,0,0,0,0,0,0,0,0,0.00110742,0,0,0,0.00110742,0,0.002214839,0,0,0,0,0,0,0,0,0.00110742,0,0,0,0,0,0,0,0,0,0,0,0,0,0,0.00110742,0,0,0,0,0,0,0,0,0,0,0,0,0,0,0,0,0,0,0,0,0,0,0,0,0,0,0,0,0,0,0,0,0,0,0,0,0,0,0,0,0,0,0,0,0,0,0,0,0,0,0,0,0,0,0,0,0,0,0,0,0,0,0,0,0,0.00110742,0.00110742,0,0,0,0,0,0,0,0,0,0,0,0,0,0,0,0,0,0,0,0,0,0,0,0,0,0,0,0.00110742,0,0,0,0,0,0,0,0,0,0,0,0,0,0,0,0,0,0,0,0,0,0,0,0,0,0,0,0,0,0,0,0,0,0.550387597,0.002214839,0.008859358,0,0,0,0,0,0,0,0,0,0,0,0,0,0,0,0,0.00110742,0,0,0,0,0.016611296,0,0,0,0,0,0,0,0,0,0,0.357696567,0,0.004429679,0,0,0,0,0,0,0,0,1
9,0.00,0.00,0.00,0.00,0.00,0.00,0.00,0.00,0.00,0.00,0.03,0.00,0.00,0.00,0.00,0.00,0.00,0.00,0.00,0.00,0,0,0,0,0,0,0,0,0,0,0,0,0,0,0,0,0,0,0,0,0,0.000803859,0.000803859,0,0,0,0,0,0.000803859,0,0,0.000803859,0,0,0,0,0,0,0,0,0,0,0,0,0,0,0,0,0,0,0,0.000803859,0,0,0,0,0,0,0,0,0,0,0,0.000803859,0,0,0,0,0,0,0,0,0,0,0,0,0,0,0,0,0,0,0,0,0,0,0,0,0,0,0,0,0,0,0,0,0,0,0,0,0,0,0,0,0,0,0,0,0,0,0,0,0,0,0,0,0,0,0,0,0,0,0,0,0,0,0,0,0,0,0,0,0,0.000803859,0,0,0,0,0,0,0,0,0,0,0,0,0,0,0,0,0,0,0,0,0,0,0,0,0,0,0,0,0,0,0,0,0,0,0,0,0,0,0,0.000803859,0,0.000803859,0,0,0,0,0,0.754019293,0,0.000803859,0,0,0,0,0,0,0,0,0,0,0,0,0,0,0,0,0,0,0,0,0,0.011254019,0,0,0,0,0,0,0,0,0,0,0.190514469,0,0,0,0,0,0,0,0,0,0,1
10,0.00,0.00,0.00,0.00,0.00,0.00,0.00,0.00,0.00,0.00,0.25,0.01,0.00,0.00,0.00,0.00,0.00,0.00,0.00,0.00,0,0,0.002863278,0.002147459,0,0,0,0,0,0,0,0,0,0,0.00071582,0,0,0,0.001431639,0,0,0,0.002147459,0,0,0,0,0,0,0,0.00071582,0,0,0,0,0,0,0,0,0.001431639,0.00071582,0.00071582,0.00071582,0,0,0,0,0,0,0,0,0,0.001431639,0,0.001431639,0,0,0,0,0,0,0,0,0,0,0,0,0,0,0,0,0.00071582,0,0,0,0,0,0.00071582,0.00071582,0,0,0,0,0.00071582,0,0.00071582,0,0,0,0,0,0,0,0,0,0,0,0,0,0.00071582,0,0,0,0,0,0.00071582,0,0.00071582,0,0.001431639,0,0,0,0,0,0,0,0,0,0,0,0,0,0,0,0,0,0,0,0.00071582,0,0,0,0.002863278,0,0,0,0,0,0,0,0,0,0,0,0,0,0.002147459,0,0,0,0.00071582,0,0,0,0,0,0,0,0,0,0,0,0,0.00071582,0,0,0,0,0,0,0,0.001431639,0,0,0.00071582,0,0,0,0,0,0.526127416,0.004294918,0.015032212,0.001431639,0.00071582,0,0,0,0,0,0,0,0,0,0,0,0,0,0,0,0,0,0.00071582,0,0.012168933,0,0,0,0,0,0,0,0,0,0,0.141732283,0.00071582,0.007158196,0,0.002863278,0,0,0,0,0,0,1
14,0.00,0.00,0.00,0.00,0.00,0.00,0.00,0.00,0.00,0.00,0.07,0.03,0.00,0.00,0.00,0.00,0.00,0.00,0.00,0.00,0,0,0,0.00147929,0,0,0,0,0,0,0,0,0,0,0,0,0,0,0,0,0,0,0,0,0,0,0,0,0,0,0,0,0,0,0,0,0,0,0,0,0,0.00591716,0,0,0,0,0,0,0,0,0,0,0,0,0.00147929,0,0,0,0,0,0,0,0,0,0,0,0,0,0,0.00147929,0,0.00295858,0,0,0,0,0,0,0,0,0,0,0,0,0,0,0,0,0,0,0,0,0,0,0,0,0,0,0,0,0,0,0,0,0,0,0,0,0.00147929,0,0,0,0.00147929,0,0,0,0,0,0,0,0,0,0,0,0,0,0,0,0,0,0,0,0,0.00147929,0,0,0,0,0,0,0,0,0,0,0,0,0,0,0,0,0,0,0,0,0,0,0,0,0,0,0,0,0,0,0,0,0,0,0,0,0,0,0,0,0,0.00147929,0,0,0.00147929,0,0,0.415680473,0.00295858,0.00591716,0.00147929,0,0,0,0,0,0,0,0,0,0,0,0.00147929,0,0,0,0,0,0,0,0,0.075443787,0,0,0,0,0,0,0,0,0,0,0.371301775,0,0.013313609,0,0.00147929,0,0,0,0,0,0,1
15,0.00,0.00,0.00,0.00,0.00,0.00,0.00,0.00,0.00,0.00,0.08,0.02,0.00,0.00,0.00,0.00,0.00,0.00,0.00,0.00,0,0,0,0.002743484,0,0,0,0,0,0,0,0,0,0,0,0,0,0,0,0,0,0,0,0,0,0,0,0,0,0,0,0.001371742,0.001371742,0,0,0,0,0,0,0.001371742,0,0.004115226,0,0,0,0,0,0,0,0,0,0,0.001371742,0,0,0,0,0,0,0,0,0,0,0,0.001371742,0,0,0,0,0,0,0,0,0,0,0,0,0,0,0,0,0,0,0,0,0,0,0,0,0,0,0,0,0,0,0,0,0,0,0,0,0,0,0,0,0.001371742,0,0,0,0,0,0,0,0,0,0,0,0,0,0,0,0,0,0,0,0,0,0,0,0,0,0,0,0,0,0,0,0,0,0,0,0,0,0,0,0,0,0.002743484,0,0,0,0,0,0,0,0,0,0,0,0,0,0,0,0,0,0,0,0,0,0,0,0,0.001371742,0,0,0,0,0,0,0,0,0.417009602,0.005486968,0.016460905,0,0.001371742,0,0.002743484,0,0,0,0,0,0,0,0,0,0,0,0,0,0,0,0,0,0.058984911,0,0,0,0,0,0,0,0,0,0,0.371742112,0,0.002743484,0,0,0,0,0,0,0,0,1
16,0.00,0.00,0.00,0.00,0.00,0.00,0.00,0.00,0.00,0.00,0.21,0.06,0.00,0.00,0.00,0.00,0.00,0.00,0.00,0.00,0,0,0.007722008,0,0,0,0,0,0,0.034749035,0,0.003861004,0,0,0.003861004,0,0,0.003861004,0,0,0,0,0.003861004,0,0,0,0,0,0.003861004,0,0,0,0,0,0,0,0,0.003861004,0,0.003861004,0,0.007722008,0,0,0,0,0,0,0,0,0,0.003861004,0,0,0.003861004,0,0,0,0,0,0,0,0,0,0,0,0,0,0,0,0,0,0,0,0,0,0,0,0,0,0,0,0,0,0,0,0,0,0,0,0,0,0,0,0,0,0,0,0,0,0,0,0,0,0,0.003861004,0,0,0,0.003861004,0,0,0,0,0,0.003861004,0,0,0,0,0,0,0,0,0,0,0,0,0,0,0.011583012,0,0,0.081081081,0,0,0,0,0,0.027027027,0,0,0,0,0,0,0,0,0,0,0,0,0,0,0.007722008,0,0,0,0,0,0,0,0.003861004,0,0,0,0,0,0,0.007722008,0,0,0.015444015,0.007722008,0,0,0,0,0.011583012,0,0,0.150579151,0.007722008,0.084942085,0,0,0,0,0,0,0,0,0,0,0,0,0,0,0,0,0,0,0,0,0,0.019305019,0,0,0,0,0,0,0,0,0,0.007722008,0.142857143,0,0.034749035,0,0.003861004,0,0,0,0,0,0,1
17.01,0.00,0.00,0.00,0.00,0.00,0.00,0.00,0.00,0.00,0.00,0.05,0.01,0.00,0.00,0.00,0.00,0.00,0.00,0.00,0.00,0,0,0,0.001243781,0,0.001243781,0,0.001243781,0,0,0,0,0,0,0.001243781,0,0,0,0,0,0,0,0.001243781,0,0,0,0,0,0,0,0.001243781,0,0.001243781,0,0,0,0,0,0,0.001243781,0,0.001243781,0.001243781,0,0,0,0,0,0,0,0,0.002487562,0,0,0,0,0,0,0,0,0,0,0,0,0.001243781,0,0,0,0,0,0,0,0,0,0,0,0.001243781,0,0,0,0,0,0,0,0,0,0,0,0,0,0,0,0,0,0,0,0,0,0,0,0,0,0,0,0,0,0,0,0,0,0,0,0,0,0,0.001243781,0,0,0,0,0,0,0,0,0,0,0,0,0,0,0,0,0,0.001243781,0,0,0,0,0,0,0,0,0,0,0,0,0,0.002487562,0,0,0,0,0,0,0,0,0,0,0,0,0,0,0,0,0,0.001243781,0,0,0,0.003731343,0,0,0,0,0,0,0,0,0.001243781,0,0.001243781,0.524875622,0,0.009950249,0,0,0,0,0,0,0,0,0,0,0,0,0,0,0,0,0.001243781,0,0,0,0,0.019900498,0,0,0,0,0,0,0,0,0,0,0.333333333,0,0.009950249,0,0.012437811,0,0,0,0,0,0,1
17.02,0.00,0.00,0.00,0.00,0.00,0.00,0.00,0.00,0.00,0.00,0.03,0.01,0.00,0.00,0.00,0.00,0.00,0.00,0.00,0.00,0,0,0,0.001998002,0,0,0.000999001,0,0,0,0,0,0,0,0,0,0,0,0,0,0,0,0.000999001,0,0,0,0,0,0,0,0,0,0.000999001,0,0,0,0,0,0,0,0,0.000999001,0,0,0,0,0,0,0,0,0,0,0,0.001998002,0.000999001,0,0,0,0,0,0,0,0,0,0,0,0,0,0,0,0,0,0,0,0,0,0,0,0,0,0,0,0,0,0,0,0,0,0,0,0,0,0.000999001,0,0,0,0,0,0,0,0,0,0.000999001,0,0,0,0,0,0,0,0,0,0,0,0,0,0,0,0.000999001,0,0,0,0,0,0,0,0,0,0,0,0,0,0,0.001998002,0,0,0,0,0,0,0,0,0,0,0,0,0,0.000999001,0,0,0,0,0,0,0,0,0,0,0,0,0,0,0,0,0,0,0,0,0,0,0,0,0.000999001,0,0,0,0,0,0,0,0,0.606393606,0.000999001,0.007992008,0,0.000999001,0,0,0,0,0,0,0,0,0,0,0,0,0,0,0,0,0,0,0,0.016983017,0,0,0,0,0,0,0,0,0,0,0.305694306,0.000999001,0,0,0.002997003,0,0,0,0,0,0,1
18,0.00,0.00,0.00,0.00,0.00,0.00,0.00,0.00,0.00,0.00,0.03,0.01,0.00,0.00,0.00,0.00,0.00,0.00,0.00,0.00,0,0,0.000898473,0.002695418,0,0,0,0,0,0,0,0,0,0,0.000898473,0,0,0,0,0,0,0,0,0,0,0,0,0,0,0,0.000898473,0,0,0,0,0,0,0,0.000898473,0,0,0.001796945,0,0,0,0,0,0,0,0,0,0,0.000898473,0,0.000898473,0,0,0,0,0,0,0,0,0,0,0,0,0,0,0,0,0,0,0,0,0,0,0,0,0,0,0,0,0,0,0.000898473,0,0,0,0,0,0,0,0,0,0,0,0,0,0,0,0,0,0,0,0,0,0,0,0,0,0,0,0,0,0.000898473,0,0,0,0,0,0,0,0,0.000898473,0,0,0,0,0,0,0,0,0.001796945,0,0,0,0,0,0,0,0,0,0,0,0,0,0,0,0,0,0,0,0,0,0,0,0,0,0,0,0,0,0,0,0,0,0,0,0.000898473,0,0,0,0,0,0.000898473,0,0,0,0,0,0.615453729,0.002695418,0.008984726,0.001796945,0,0,0,0,0,0,0,0,0,0,0,0,0,0.000898473,0,0,0,0,0,0,0.013477089,0,0,0,0,0,0,0,0,0,0,0.291105121,0,0.004492363,0,0.001796945,0,0,0,0,0,0,1
19,0.00,0.00,0.00,0.00,0.00,0.00,0.00,0.00,0.00,0.00,0.02,0.00,0.00,0.00,0.00,0.00,0.00,0.00,0.00,0.00,0,0,0.000607165,0.000607165,0,0,0,0.000607165,0,0.001821494,0,0,0,0,0.001214329,0,0,0.000607165,0,0,0,0,0.001214329,0,0,0,0,0,0.000607165,0,0,0,0,0,0,0,0,0,0,0,0,0.000607165,0,0,0,0,0,0,0,0,0,0.000607165,0,0,0,0,0,0,0,0.000607165,0,0,0,0,0,0,0,0,0,0,0,0,0,0,0,0,0.000607165,0,0.000607165,0,0,0,0,0,0,0.001821494,0,0,0,0,0,0,0,0,0,0,0,0,0,0,0,0,0,0,0,0,0,0,0,0,0,0,0.000607165,0,0,0,0,0,0,0,0,0,0,0,0,0,0,0,0,0,0,0,0,0.002428658,0,0,0,0,0,0.000607165,0,0,0,0,0,0,0,0.000607165,0,0,0,0,0,0,0,0,0,0,0.000607165,0,0,0,0,0,0,0,0,0,0.000607165,0.001214329,0,0,0.000607165,0,0,0,0,0,0.000607165,0,0,0.812386157,0.000607165,0.009714633,0.000607165,0.000607165,0,0,0,0,0,0,0,0,0,0,0,0,0,0,0,0,0,0,0,0.004250152,0,0,0,0,0,0,0,0,0,0,0.117789921,0.000607165,0.001214329,0,0.001821494,0,0,0,0,0,0,1
20,0.00,0.00,0.00,0.00,0.00,0.00,0.00,0.00,0.00,0.00,0.02,0.02,0.00,0.00,0.00,0.00,0.00,0.00,0.00,0.00,0,0,0.001297017,0.005188067,0,0,0.001297017,0.003891051,0,0.001297017,0,0,0,0,0,0,0,0,0,0,0,0,0.001297017,0,0,0,0,0,0,0,0.001297017,0,0,0,0,0,0,0,0,0,0,0.001297017,0,0,0,0,0,0,0,0,0,0,0,0,0,0,0,0,0,0,0,0,0,0,0,0,0,0,0,0,0,0,0,0,0,0,0,0,0,0,0,0,0,0,0,0,0,0,0,0,0,0,0,0,0,0,0,0,0,0,0,0,0,0,0,0,0.001297017,0,0,0,0,0,0.001297017,0,0,0.002594034,0,0,0,0,0.001297017,0,0,0,0,0,0,0,0,0,0,0,0,0.002594034,0,0,0,0,0,0,0,0,0,0,0,0,0,0.001297017,0,0,0,0,0,0,0,0,0,0,0,0,0,0,0,0,0,0.001297017,0,0,0,0.011673152,0,0,0.005188067,0,0,0.001297017,0,0,0,0,0,0.504539559,0.001297017,0.018158236,0,0,0,0.001297017,0,0,0,0,0,0,0,0,0,0,0,0,0,0,0,0,0,0.025940337,0,0,0,0,0,0,0,0,0,0,0.33463035,0.001297017,0.016861219,0,0.002594034,0,0,0,0,0,0,1
21.01,0.00,0.00,0.00,0.00,0.00,0.00,0.00,0.00,0.00,0.00,0.07,0.03,0.00,0.00,0.00,0.01,0.00,0.00,0.00,0.00,0.001033058,0.001033058,0,0.006198347,0,0,0.001033058,0.004132231,0,0.001033058,0,0,0,0,0.001033058,0,0,0.001033058,0,0,0,0.001033058,0.006198347,0,0,0,0,0,0.002066116,0,0.001033058,0.001033058,0,0,0,0,0,0,0,0.001033058,0,0.003099174,0.001033058,0,0,0,0,0.001033058,0,0,0.001033058,0,0,0,0.002066116,0,0.001033058,0,0,0,0,0.001033058,0,0,0,0,0,0,0,0,0,0.001033058,0,0,0,0,0.001033058,0,0.001033058,0,0,0,0,0.002066116,0,0.003099174,0,0,0,0,0,0,0,0,0,0,0,0,0,0,0,0,0,0.001033058,0,0,0,0,0.001033058,0,0,0,0,0,0,0.002066116,0,0,0,0,0,0,0,0,0,0,0,0,0,0,0,0,0,0.008264463,0,0,0,0,0,0,0,0,0.001033058,0,0,0,0,0,0,0,0,0,0,0,0,0,0,0,0,0.002066116,0,0,0,0,0,0.002066116,0,0,0,0.010330579,0,0,0.002066116,0,0,0.001033058,0,0,0,0,0.001033058,0.195247934,0.002066116,0.022727273,0.002066116,0.002066116,0,0.002066116,0,0,0,0,0,0,0,0,0,0,0,0,0.001033058,0,0,0,0,0.058884298,0.001033058,0,0.001033058,0,0,0,0,0,0,0,0.443181818,0.01446281,0.039256198,0.001033058,0.020661157,0,0,0,0,0,0,1
23,0.00,0.00,0.00,0.00,0.00,0.00,0.00,0.00,0.00,0.00,0.17,0.08,0.00,0.00,0.00,0.00,0.00,0.00,0.00,0.00,0,0.002890173,0,0.002890173,0,0,0,0,0,0.002890173,0,0,0,0.002890173,0.002890173,0,0,0,0,0,0.002890173,0,0.00867052,0.002890173,0,0,0,0,0,0,0,0,0,0,0.002890173,0,0,0,0.002890173,0,0,0.00867052,0,0,0,0,0,0,0,0,0,0,0,0,0.002890173,0,0,0,0,0,0,0,0,0,0,0,0,0,0,0.00867052,0,0,0,0,0,0,0,0,0,0,0,0,0,0,0,0.005780347,0,0,0,0,0.049132948,0,0,0,0,0,0,0,0,0,0,0,0,0,0,0,0,0,0.002890173,0,0,0,0,0,0,0.005780347,0,0,0,0,0,0,0,0,0,0,0,0,0,0.002890173,0,0,0,0.014450867,0,0,0,0,0,0.005780347,0,0,0,0,0,0,0,0.005780347,0,0,0,0,0,0,0,0,0,0,0,0,0,0,0,0,0,0,0,0,0,0,0,0,0.01734104,0.014450867,0,0,0,0,0.002890173,0,0,0.066473988,0.026011561,0.115606936,0.002890173,0.002890173,0,0,0,0,0.002890173,0,0,0,0,0.005780347,0,0,0.005780347,0.002890173,0,0,0,0,0,0.080924855,0,0,0,0,0,0,0,0,0,0,0.242774566,0,0.00867052,0,0,0,0,0,0,0,0,1
24,0.00,0.00,0.00,0.00,0.00,0.00,0.00,0.00,0.00,0.00,0.11,0.04,0.00,0.00,0.00,0.00,0.00,0.00,0.00,0.00,0,0,0,0.003960396,0,0,0,0,0,0,0,0,0,0,0,0,0,0,0,0,0,0,0.001980198,0,0,0,0,0,0.001980198,0,0,0,0.001980198,0,0,0,0,0.001980198,0.001980198,0,0,0.005940594,0,0,0,0,0,0,0,0,0,0,0,0,0,0,0,0,0,0,0,0,0,0,0,0,0,0,0,0,0,0,0,0,0,0,0,0.001980198,0,0,0,0,0,0,0,0,0,0,0,0,0,0,0,0,0,0,0,0,0,0,0,0,0,0,0,0,0,0,0,0,0,0,0.001980198,0,0,0.003960396,0,0,0,0,0,0,0,0,0,0,0,0,0,0,0,0,0,0.003960396,0,0,0,0,0,0,0,0,0,0,0,0,0,0,0,0,0,0,0,0,0,0,0,0,0,0,0,0,0,0,0,0,0,0,0,0,0,0,0.003960396,0,0,0.001980198,0,0,0,0,0,0.396039604,0,0.017821782,0,0.001980198,0,0,0,0,0.003960396,0,0,0,0,0,0,0,0,0.001980198,0,0,0,0,0,0.053465347,0,0,0.001980198,0,0,0,0,0,0,0,0.289108911,0.003960396,0.031683168,0,0.001980198,0,0,0,0,0,0,1
27,0.00,0.00,0.00,0.00,0.00,0.00,0.00,0.00,0.00,0.00,0.05,0.02,0.00,0.00,0.00,0.00,0.00,0.00,0.00,0.00,0,0,0,0,0,0,0,0,0,0.001545595,0,0,0,0,0,0,0,0,0,0,0.001545595,0,0.00618238,0,0,0,0,0,0.001545595,0,0,0,0.001545595,0,0,0,0,0,0,0.001545595,0,0.001545595,0,0,0,0,0,0,0,0,0,0,0.001545595,0.001545595,0,0,0,0,0,0.001545595,0,0,0,0,0,0,0,0,0,0,0,0,0,0,0,0,0,0,0,0,0,0,0,0.001545595,0,0,0,0,0,0,0,0,0,0,0,0,0,0,0,0,0,0,0,0,0,0,0,0,0,0,0,0,0,0,0,0,0,0,0,0,0,0,0,0,0,0,0,0,0,0,0,0,0,0,0,0,0,0,0,0,0,0,0,0,0,0,0,0.00309119,0,0,0,0,0,0,0,0,0,0,0,0,0,0,0,0,0,0.00309119,0,0,0,0,0,0,0.00309119,0,0,0,0,0,0,0,0,0.510046368,0,0.024729521,0,0,0,0,0,0,0,0,0,0,0,0,0,0,0,0,0,0,0,0,0,0.020092736,0,0,0,0,0,0,0,0,0,0,0.338485317,0,0.007727975,0,0,0,0,0,0,0,0,1
29.01,0.00,0.00,0.00,0.00,0.00,0.00,0.00,0.00,0.00,0.00,0.04,0.01,0.00,0.00,0.00,0.00,0.00,0.00,0.00,0.00,0,0,0,0.001644737,0,0,0.000822368,0,0,0.001644737,0,0,0,0,0,0,0,0,0,0,0,0,0.001644737,0.000822368,0,0,0,0.000822368,0,0.000822368,0,0,0,0,0,0,0,0,0,0,0,0.002467105,0,0,0,0,0,0,0,0,0.000822368,0,0,0.000822368,0.001644737,0,0.002467105,0,0,0,0,0,0,0,0,0,0,0,0,0,0,0,0,0,0,0,0,0,0,0,0,0,0,0.000822368,0,0,0,0,0,0,0,0,0.000822368,0,0,0,0,0,0,0,0,0,0,0,0,0,0,0,0.000822368,0,0,0,0,0,0,0,0,0,0,0,0,0,0,0,0,0.000822368,0,0,0,0.000822368,0,0,0,0,0,0,0,0,0,0,0,0,0,0,0,0,0,0.001644737,0,0,0,0,0,0,0,0,0,0,0,0,0,0,0,0,0,0.000822368,0,0,0,0.002467105,0,0,0.000822368,0,0,0.000822368,0,0,0,0,0,0.453125,0.003289474,0.013980263,0.002467105,0.001644737,0,0.000822368,0,0,0,0,0,0,0,0,0,0,0,0.001644737,0.001644737,0,0,0,0,0.033717105,0,0,0,0,0,0,0,0,0,0,0.393914474,0.002467105,0.012335526,0,0.003289474,0,0,0,0,0,0.000822368,1
30,0.00,0.00,0.00,0.00,0.00,0.00,0.00,0.00,0.00,0.00,0.44,0.01,0.00,0.00,0.00,0.00,0.00,0.00,0.00,0.00,0,0,0,0.004854369,0,0,0,0,0,0.001618123,0,0,0,0,0.003236246,0.001618123,0,0,0,0,0,0,0.003236246,0,0,0,0,0,0,0,0.003236246,0,0.001618123,0,0,0,0,0,0.001618123,0,0,0.004854369,0,0,0,0,0,0.001618123,0.001618123,0,0.003236246,0,0,0,0,0,0,0,0,0,0.001618123,0,0,0,0.001618123,0,0,0,0,0,0,0.001618123,0,0,0,0,0.001618123,0,0.001618123,0,0,0,0,0,0,0,0,0,0,0,0,0.001618123,0,0.001618123,0.001618123,0,0,0,0,0,0,0.001618123,0,0,0,0,0,0,0,0,0,0,0,0,0,0.006472492,0,0,0,0,0,0,0,0,0,0.001618123,0,0,0,0,0,0,0.003236246,0.017799353,0,0,0,0,0,0,0,0,0,0,0.001618123,0,0,0,0,0,0,0,0,0,0,0,0,0,0,0,0,0,0,0,0,0.001618123,0,0,0,0.004854369,0,0,0,0.001618123,0,0.003236246,0,0,0,0,0,0.221682848,0,0.008090615,0.030744337,0.009708738,0,0,0,0,0,0,0,0,0,0,0,0,0,0,0,0,0,0,0,0.012944984,0,0,0,0,0.001618123,0,0,0,0,0,0.108414239,0.003236246,0.040453074,0,0.024271845,0,0,0,0,0,0,1
32,0.00,0.00,0.00,0.00,0.00,0.00,0.00,0.00,0.00,0.00,0.09,0.02,0.00,0.01,0.00,0.00,0.00,0.00,0.00,0.00,0.001960784,0.005882353,0.02745098,0.039215686,0,0,0,0,0,0.015686275,0.001960784,0,0,0,0.015686275,0,0,0,0,0,0,0,0.009803922,0,0,0,0,0.007843137,0,0,0,0,0,0,0.003921569,0,0,0.001960784,0,0,0,0,0.001960784,0,0.003921569,0,0,0.01372549,0,0,0.005882353,0.001960784,0.007843137,0,0.017647059,0,0,0,0.001960784,0.001960784,0.001960784,0,0,0,0,0.007843137,0,0,0,0,0,0,0.003921569,0,0,0,0.001960784,0.001960784,0.001960784,0,0,0,0,0,0,0.001960784,0,0,0.001960784,0,0,0,0,0,0,0,0,0,0.023529412,0,0,0.023529412,0,0,0,0.005882353,0,0,0,0.01372549,0,0,0,0,0.001960784,0.001960784,0,0,0,0,0,0,0,0,0,0,0.003921569,0.007843137,0,0,0,0,0.003921569,0.168627451,0,0,0,0.001960784,0.007843137,0,0.039215686,0,0,0,0,0,0,0.009803922,0,0.003921569,0,0.001960784,0,0.001960784,0.003921569,0.001960784,0.001960784,0.003921569,0,0,0,0,0,0.001960784,0,0.001960784,0,0,0,0.005882353,0,0,0.037254902,0.001960784,0,0,0,0,0.001960784,0,0,0,0.056862745,0.078431373,0.035294118,0.005882353,0,0.003921569,0,0,0,0,0,0.005882353,0,0,0,0,0.009803922,0,0,0,0.001960784,0,0.001960784,0,0.001960784,0,0,0,0,0,0,0,0,0,0,0,0.068627451,0,0.003921569,0,0,0,0.001960784,0,0,1
34,0.00,0.00,0.00,0.00,0.00,0.00,0.00,0.00,0.00,0.00,0.14,0.01,0.00,0.00,0.00,0.00,0.00,0.00,0.00,0.00,0,0,0,0,0,0,0,0,0,0.011267606,0,0,0,0.002816901,0.005633803,0,0,0,0,0,0,0,0.005633803,0,0,0,0,0,0.002816901,0,0.002816901,0,0,0,0,0,0,0,0,0,0,0.002816901,0,0,0,0,0,0,0,0,0,0,0.002816901,0.008450704,0.002816901,0,0,0,0,0.002816901,0,0,0,0,0,0,0,0,0,0.002816901,0,0,0.005633803,0,0,0,0.002816901,0,0,0,0,0,0,0,0,0,0,0,0.002816901,0,0,0,0,0,0,0,0,0.002816901,0.002816901,0,0,0.008450704,0,0,0,0,0,0,0,0.002816901,0,0,0,0,0,0.008450704,0,0,0,0,0,0,0.002816901,0,0,0.002816901,0,0,0,0,0,0,0.002816901,0.011267606,0,0.002816901,0.002816901,0,0.002816901,0.002816901,0,0,0,0,0.002816901,0.002816901,0.002816901,0.002816901,0,0,0,0,0.002816901,0,0.025352113,0,0,0,0,0,0,0,0,0,0,0,0,0,0,0.008450704,0,0,0.005633803,0.011267606,0,0,0,0,0,0,0,0.107042254,0.011267606,0.030985915,0.011267606,0.011267606,0,0,0.002816901,0,0,0,0,0,0,0,0.002816901,0,0,0,0,0,0,0,0,0.101408451,0.002816901,0,0,0,0,0,0,0,0,0.002816901,0.301408451,0.002816901,0.028169014,0,0.042253521,0,0,0,0,0,0,1
35,0.00,0.00,0.00,0.00,0.00,0.00,0.00,0.00,0.00,0.00,0.09,0.01,0.00,0.00,0.00,0.00,0.00,0.00,0.00,0.00,0,0,0,0.00143472,0,0,0,0.00143472,0,0.00143472,0,0,0,0.00143472,0,0,0,0.00143472,0,0,0.00143472,0,0.005738881,0,0,0,0,0,0,0,0.00143472,0,0.00143472,0,0,0.00286944,0,0,0,0.005738881,0,0,0,0,0,0,0,0,0,0,0.00143472,0,0,0.00286944,0.00143472,0,0,0,0,0,0.00143472,0,0,0.00143472,0.00143472,0,0,0,0,0.00286944,0,0.00143472,0,0,0,0,0.00143472,0,0,0,0,0,0,0.00143472,0,0.00143472,0,0,0,0,0,0,0,0,0,0,0,0,0,0,0.00143472,0,0,0,0,0,0,0.00143472,0.00143472,0,0,0,0,0,0.00143472,0.007173601,0,0,0,0,0,0,0,0,0,0,0,0,0,0,0,0,0,0.00143472,0,0,0.00143472,0,0,0.00143472,0,0,0.00143472,0,0,0,0,0,0,0,0,0.00143472,0,0,0.007173601,0,0,0,0,0,0,0,0,0,0,0,0,0,0,0,0,0,0,0.008608321,0,0,0,0,0,0,0.00143472,0.322812052,0.005738881,0.015781923,0.008608321,0,0,0.00143472,0,0,0,0,0,0,0,0,0,0,0,0,0,0,0,0,0,0.040172166,0,0,0,0,0,0,0,0,0,0,0.397417504,0.00143472,0.010043042,0,0.015781923,0,0,0,0,0,0,1
36.01,0.00,0.00,0.00,0.00,0.00,0.00,0.00,0.00,0.00,0.00,0.06,0.00,0.00,0.00,0.00,0.00,0.00,0.00,0.00,0.00,0.001290323,0,0,0,0,0,0,0.001290323,0.002580645,0,0,0,0,0.001290323,0,0,0,0,0,0,0,0,0.002580645,0,0.001290323,0,0,0,0,0,0,0,0,0,0,0,0,0,0,0,0,0.002580645,0,0,0,0,0,0,0,0,0,0,0,0,0,0,0,0,0,0,0.001290323,0,0,0,0,0,0,0,0,0.001290323,0,0.001290323,0,0,0,0,0,0,0,0,0,0,0,0,0,0,0,0,0,0,0,0,0,0,0,0,0,0,0,0,0,0,0,0,0,0,0,0,0,0,0,0,0,0,0,0.001290323,0,0,0,0,0,0,0,0.001290323,0,0,0,0,0,0,0,0,0,0.003870968,0,0,0,0,0,0,0,0,0,0,0,0,0,0,0,0.001290323,0,0,0,0,0,0,0,0,0,0,0,0,0,0,0,0,0,0,0,0,0,0,0.001290323,0,0,0,0,0.001290323,0,0,0,0.585806452,0,0.00516129,0.001290323,0.002580645,0.001290323,0,0,0,0,0,0,0,0,0,0,0,0,0.001290323,0,0,0,0,0,0,0,0,0,0,0,0,0,0,0,0,0.296774194,0.001290323,0.006451613,0,0.006451613,0,0,0,0,0,0,1
36.02,0.00,0.00,0.00,0.00,0.00,0.00,0.00,0.00,0.00,0.00,0.27,0.00,0.00,0.00,0.00,0.00,0.00,0.00,0.00,0.00,0.002129925,0,0,0.004259851,0.001064963,0,0,0,0,0.001064963,0,0,0,0,0,0,0,0.003194888,0,0,0.001064963,0.001064963,0,0,0,0,0,0,0,0,0.001064963,0,0,0,0,0,0,0,0,0.002129925,0,0,0,0,0,0,0,0,0,0,0.001064963,0,0.001064963,0.001064963,0,0,0,0.001064963,0,0,0,0,0,0,0,0,0,0,0.001064963,0.001064963,0.001064963,0,0,0,0,0,0,0,0.001064963,0,0,0,0,0,0.001064963,0.002129925,0,0,0,0,0,0,0,0,0,0,0,0,0,0,0.001064963,0,0,0.001064963,0.001064963,0,0,0.001064963,0,0,0.001064963,0,0.001064963,0,0,0,0,0,0,0,0,0,0.001064963,0,0,0,0,0,0,0.001064963,0,0,0,0.002129925,0,0,0,0.001064963,0,0,0,0,0.001064963,0,0,0,0.002129925,0.001064963,0,0,0,0,0,0,0.001064963,0,0,0,0,0,0,0,0,0,0,0,0,0,0,0.001064963,0,0,0.009584665,0,0,0,0,0,0,0,0,0.614483493,0.013844515,0.017039404,0.002129925,0,0,0,0,0,0,0,0,0,0,0,0,0.001064963,0,0.001064963,0,0,0,0,0,0,0,0,0.001064963,0,0,0,0,0,0,0,0.004259851,0,0.007454739,0,0.002129925,0,0,0.001064963,0,0,0,1
38,0.00,0.00,0.00,0.00,0.00,0.00,0.00,0.00,0.00,0.00,0.04,0.00,0.00,0.00,0.00,0.00,0.00,0.00,0.00,0.00,0,0,0,0.001369863,0,0,0,0,0,0.001369863,0,0,0,0.001369863,0.001369863,0,0,0,0,0,0,0,0.001369863,0,0,0,0,0,0,0,0,0,0.001369863,0,0,0,0,0,0,0.001369863,0,0.002739726,0,0,0,0,0,0,0,0.002739726,0,0.001369863,0,0,0,0,0,0,0,0,0,0,0,0,0,0,0,0,0.001369863,0,0,0,0,0,0,0,0,0,0,0,0,0,0,0,0,0.001369863,0,0,0,0,0,0,0,0,0,0,0,0,0,0,0,0,0,0,0,0,0,0,0.002739726,0,0,0,0,0,0,0,0,0,0,0,0,0,0,0,0,0,0,0,0.001369863,0,0,0,0,0,0,0,0,0,0,0,0,0,0,0,0,0,0,0.002739726,0,0,0,0,0,0,0,0,0,0,0,0,0,0,0,0,0,0,0,0,0,0.001369863,0,0,0.004109589,0,0,0.001369863,0,0,0,0,0,0.480821918,0.002739726,0.006849315,0.001369863,0.001369863,0.001369863,0,0,0,0,0,0,0,0.001369863,0,0,0,0,0,0,0,0,0,0,0.028767123,0,0,0,0,0,0,0,0,0,0,0.4,0,0.004109589,0,0,0,0,0,0,0,0,1
39,0.00,0.00,0.00,0.00,0.00,0.00,0.00,0.00,0.00,0.00,0.06,0.01,0.00,0.00,0.00,0.00,0.00,0.00,0.00,0.00,0,0,0,0.001039501,0,0,0,0,0,0.001039501,0,0,0,0,0.001039501,0,0,0,0,0,0,0,0.007276507,0,0,0,0,0,0.002079002,0,0.001039501,0,0.003118503,0,0,0,0,0,0,0.003118503,0,0.005197505,0,0,0,0,0,0,0,0,0,0,0,0,0,0,0,0,0,0,0,0,0,0,0,0,0,0,0,0,0,0,0,0,0,0,0.001039501,0,0,0,0,0,0,0.001039501,0,0,0,0,0,0,0,0,0,0,0,0,0,0,0,0,0,0,0,0,0,0,0,0,0,0,0,0,0,0,0,0,0,0,0,0,0,0,0,0,0,0,0,0,0,0,0,0,0,0,0,0,0,0,0,0,0,0,0,0,0,0,0,0,0,0,0,0,0,0,0,0,0,0,0,0,0,0,0,0,0,0,0,0,0,0.001039501,0,0.002079002,0.001039501,0.003118503,0,0,0,0,0,0.005197505,0,0.363825364,0.001039501,0.009355509,0,0,0,0,0,0,0,0,0,0,0,0,0,0,0,0,0,0,0,0,0,0.062370062,0,0,0,0,0,0,0,0,0,0,0.444906445,0.001039501,0.01039501,0,0,0,0,0,0,0,0,1
40,0.00,0.00,0.00,0.00,0.00,0.00,0.00,0.00,0.00,0.00,0.23,0.02,0.00,0.00,0.00,0.00,0.00,0.00,0.00,0.00,0,0,0,0,0,0,0,0.002212389,0,0,0,0,0,0.002212389,0.002212389,0,0,0,0,0,0,0,0.004424779,0.004424779,0,0,0,0,0,0,0,0,0.004424779,0,0,0,0,0.002212389,0,0,0,0.006637168,0,0.002212389,0,0,0,0,0.004424779,0,0,0.002212389,0,0,0.006637168,0,0,0,0,0.002212389,0,0,0,0.002212389,0,0,0,0.002212389,0,0,0,0,0,0,0,0,0,0,0,0,0,0,0,0,0,0.002212389,0,0,0,0,0,0,0,0,0,0,0,0,0,0,0,0,0,0,0,0,0,0,0,0,0,0,0,0,0,0,0,0,0,0,0,0,0,0,0,0,0,0,0,0,0,0,0,0.004424779,0,0,0,0,0,0.002212389,0,0,0,0,0,0,0,0,0,0,0,0,0,0,0,0,0,0,0,0,0,0,0,0,0,0,0,0,0,0,0,0,0,0.006637168,0,0.002212389,0,0,0,0,0,0.276548673,0.008849558,0.030973451,0.008849558,0.015486726,0.002212389,0,0,0,0,0,0,0,0,0,0,0,0,0,0,0,0,0,0,0.037610619,0,0,0,0,0,0,0,0,0,0,0.272123894,0,0.026548673,0,0.004424779,0,0,0,0,0,0,1
42,0.00,0.00,0.00,0.00,0.00,0.00,0.00,0.00,0.00,0.00,0.76,0.01,0.00,0.00,0.00,0.00,0.00,0.00,0.00,0.00,0,0,0,0.002607562,0,0,0,0.001303781,0,0.006518905,0,0,0,0.001303781,0.001303781,0,0,0,0,0,0,0,0.005215124,0,0,0,0,0.001303781,0.001303781,0,0.002607562,0,0,0,0,0,0,0.001303781,0,0,0,0.002607562,0,0,0,0,0,0,0,0,0,0,0,0,0,0,0,0,0,0,0,0.001303781,0,0,0.002607562,0.002607562,0,0,0,0,0,0.001303781,0,0,0,0,0,0,0,0.001303781,0,0,0,0,0,0.002607562,0,0,0,0,0,0,0,0,0.001303781,0,0,0,0,0,0,0,0,0,0,0,0,0,0,0,0,0,0,0,0.001303781,0.010430248,0,0,0,0,0,0,0,0,0,0,0,0,0.001303781,0,0,0,0,0.005215124,0,0,0,0,0,0.002607562,0,0,0,0,0.001303781,0,0,0,0,0,0,0,0,0,0,0.001303781,0,0,0,0,0,0,0,0,0,0,0,0,0,0.001303781,0,0,0.001303781,0,0,0,0,0,0,0.005215124,0,0.065189048,0.003911343,0.014341591,0,0.005215124,0,0.001303781,0.001303781,0,0,0,0,0,0,0,0.002607562,0,0,0,0.001303781,0,0,0,0,0.002607562,0,0,0,0,0,0,0,0,0,0,0.037809648,0,0.011734029,0,0.010430248,0,0,0,0,0,0,1
43.01,0.02,0.00,0.01,0.00,0.00,0.00,0.00,0.00,0.00,0.00,0.72,0.00,0.00,0.00,0.00,0.00,0.00,0.00,0.00,0.00,0.006289308,0,0.006289308,0.025157233,0,0,0,0,0,0.006289308,0,0,0,0,0.012578616,0,0,0,0,0,0,0,0,0,0,0,0,0,0,0,0,0,0,0,0,0,0,0,0,0,0,0,0,0,0,0,0,0,0,0,0.006289308,0,0,0,0,0.012578616,0,0,0.012578616,0.006289308,0,0,0.006289308,0,0,0,0,0,0.006289308,0,0,0,0,0,0,0,0,0,0,0,0,0,0,0,0,0,0,0,0,0,0.012578616,0,0,0,0,0,0.018867925,0,0,0,0,0.031446541,0,0,0,0,0,0,0,0,0,0,0,0,0,0,0,0,0,0,0,0,0,0,0,0,0,0,0,0,0,0,0,0,0,0,0,0,0,0,0,0,0,0,0.006289308,0,0,0,0,0,0,0,0,0,0.012578616,0,0,0,0,0,0,0,0,0,0,0,0,0,0,0,0,0,0.006289308,0,0,0,0,0,0.012578616,0,0,0,0.012578616,0.006289308,0.018867925,0,0,0,0,0,0,0,0,0,0,0,0,0,0,0,0,0,0,0,0,0,0,0,0,0,0,0,0,0,0,0,0,0,0,0,0,0,0,0,0,0,0,1
43.02,0.07,0.04,0.01,0.00,0.00,0.00,0.00,0.00,0.00,0.00,0.18,0.00,0.00,0.00,0.00,0.00,0.00,0.00,0.00,0.00,0.007782101,0,0.011673152,0.011673152,0,0,0,0,0,0.031128405,0,0,0,0,0.011673152,0,0,0,0,0,0,0.003891051,0.007782101,0,0,0,0,0.003891051,0.003891051,0,0,0,0,0,0.003891051,0,0.019455253,0,0,0.023346304,0,0.007782101,0,0,0,0,0,0.007782101,0,0,0.007782101,0.007782101,0.011673152,0,0.003891051,0,0,0,0.038910506,0,0,0,0,0,0,0,0,0.003891051,0,0,0,0,0.003891051,0,0,0,0,0,0.003891051,0,0,0.085603113,0,0,0,0,0,0,0,0,0.003891051,0,0,0,0,0,0,0,0.003891051,0.007782101,0,0.019455253,0,0,0.003891051,0,0,0,0,0,0,0.007782101,0,0,0,0,0,0,0,0,0,0,0,0,0,0,0,0,0,0.003891051,0.003891051,0,0,0,0,0,0,0,0.003891051,0,0,0,0,0,0,0.015564202,0,0.011673152,0,0,0,0.003891051,0,0,0.003891051,0,0,0.003891051,0,0,0,0,0,0.003891051,0,0,0,0,0.003891051,0,0,0,0.042801556,0.035019455,0,0,0,0,0.003891051,0,0,0.007782101,0.023346304,0.035019455,0.011673152,0,0.003891051,0.003891051,0,0.003891051,0,0.003891051,0,0,0,0,0,0.011673152,0.003891051,0,0,0.003891051,0.007782101,0,0,0.031128405,0,0,0,0,0,0,0,0,0,0,0.023346304,0,0.003891051,0,0,0,0,0,0,0,0,1
44,0.00,0.00,0.00,0.00,0.00,0.00,0.00,0.00,0.00,0.00,0.03,0.00,0.00,0.00,0.00,0.00,0.00,0.00,0.00,0.00,0,0,0,0,0,0,0,0,0,0,0,0,0,0,0,0,0,0,0,0,0,0,0,0,0,0,0.001620746,0,0.001620746,0,0,0,0,0,0,0,0,0,0,0.003241491,0,0,0,0,0,0,0,0,0,0,0,0,0,0,0,0,0,0,0.003241491,0,0,0,0,0,0,0,0,0,0,0,0,0,0,0,0,0,0,0,0,0,0,0,0,0,0,0,0,0,0,0,0,0,0,0,0,0,0,0,0,0,0,0,0,0,0,0,0,0,0,0,0,0,0,0,0,0,0,0,0,0,0,0.001620746,0,0,0,0,0,0,0,0,0,0,0,0,0,0,0,0,0,0,0,0,0,0.003241491,0,0,0,0,0,0,0,0,0,0,0,0,0,0,0,0,0,0,0,0,0,0,0,0,0,0,0,0,0,0.162074554,0,0,0,0,0,0,0,0.395461912,0,0,0,0,0,0,0,0,0,0,0,0,0,0,0,0,0,0,0.001620746,0,0,0,0,0.09076175,0,0,0,0,0,0,0,0,0,0,0.303079417,0,0,0,0,0,0.001620746,0,0,0,0,1
45,0.00,0.00,0.00,0.00,0.00,0.00,0.00,0.00,0.00,0.00,0.01,0.00,0.00,0.00,0.00,0.00,0.00,0.00,0.00,0.00,0,0,0,0.001292825,0,0,0.000646412,0,0,0,0,0,0,0,0.000646412,0,0,0,0,0,0,0,0.001292825,0,0,0,0,0,0.000646412,0.000646412,0,0,0,0,0.000646412,0,0,0,0,0.000646412,0,0.00258565,0,0,0,0,0,0,0,0,0.000646412,0.000646412,0.000646412,0,0.000646412,0,0,0,0,0,0,0,0,0,0,0,0,0,0,0,0,0,0,0,0,0,0,0,0,0,0,0,0,0,0,0,0,0,0,0,0,0,0,0,0,0,0,0,0,0.000646412,0,0,0,0,0,0,0,0,0.001292825,0,0,0,0.000646412,0,0,0,0,0,0,0,0,0,0,0,0.001292825,0,0,0,0,0,0,0,0,0,0,0,0,0,0,0,0,0,0,0,0,0,0,0.001292825,0,0,0,0,0,0,0,0,0,0,0,0,0,0,0,0,0,0,0,0,0,0,0,0,0.000646412,0.050420168,0,0,0,0,0,0,0,0.524240465,0.001939237,0.003232062,0.000646412,0,0,0,0,0.000646412,0,0,0,0,0,0,0.000646412,0,0,0,0,0,0.000646412,0,0,0.048480931,0,0,0,0,0,0,0,0,0,0,0.332902392,0,0.001939237,0,0.000646412,0,0,0,0,0,0,1
46,0.00,0.00,0.00,0.00,0.00,0.00,0.00,0.00,0.00,0.00,0.01,0.00,0.00,0.00,0.00,0.00,0.00,0.00,0.00,0.00,0,0,0,0,0,0,0,0,0,0.000512558,0,0,0,0,0.001025115,0,0,0.001025115,0,0.000512558,0,0,0.001025115,0,0,0,0,0,0.001537673,0,0,0,0,0,0,0,0,0,0,0.007688365,0,0,0.000512558,0,0,0,0,0,0,0,0,0.000512558,0,0.000512558,0,0,0,0.001025115,0.001025115,0,0.000512558,0,0,0.000512558,0,0,0,0,0,0,0,0,0,0,0,0,0,0,0,0,0,0,0,0.000512558,0,0.000512558,0,0,0,0,0.000512558,0,0.000512558,0,0,0,0,0,0,0,0,0,0,0,0,0,0,0,0,0,0,0,0,0,0,0,0,0,0,0,0,0,0,0,0,0,0,0,0,0,0.001537673,0,0,0.001537673,0,0,0,0,0,0,0,0.000512558,0,0,0,0,0,0.000512558,0,0,0,0,0,0,0.001025115,0,0,0,0,0,0,0,0,0,0,0,0,0,0,0.001025115,0,0,0,0,0,0,0,0,0,0,0,0.898001025,0.001025115,0.000512558,0,0,0,0.004100461,0,0.000512558,0,0,0,0,0,0,0,0,0,0,0,0.001025115,0,0.000512558,0,0.000512558,0,0,0,0,0,0,0,0,0,0,0.051255766,0,0.002562788,0,0,0,0,0,0,0.001025115,0,1
48,0.00,0.00,0.00,0.00,0.00,0.00,0.00,0.00,0.00,0.00,0.00,0.00,0.00,0.00,0.00,0.00,0.00,0.00,0.00,0.00,0.00148368,0,0.00148368,0.00148368,0,0,0,0,0,0,0,0,0,0,0,0,0,0,0,0,0,0,0,0,0,0,0,0,0,0,0,0,0,0,0,0,0,0,0,0.002967359,0,0,0,0,0,0.00148368,0,0,0,0,0,0,0,0.00148368,0,0,0,0,0,0.00148368,0,0,0,0,0,0,0,0,0,0,0,0,0,0,0,0,0,0,0,0,0,0,0,0,0,0,0,0,0,0,0,0,0,0,0,0,0,0,0,0,0,0,0,0,0,0,0,0,0.00148368,0,0,0,0,0,0,0,0,0,0,0,0,0,0,0,0,0,0,0,0,0.00148368,0,0,0,0,0,0,0,0,0,0,0,0,0,0,0,0,0.002967359,0,0,0,0,0,0,0,0,0,0,0,0,0,0,0,0,0,0,0,0,0,0,0,0,0,0,0,0,0,0,0,0.00148368,0,0,0.924332344,0,0,0,0,0.002967359,0,0,0,0,0,0,0,0,0,0,0,0,0.00148368,0,0,0,0,0,0.002967359,0,0,0,0,0,0,0,0,0,0,0.048961424,0,0,0,0,0,0,0,0,0,0,1
49,0.00,0.00,0.00,0.00,0.00,0.00,0.00,0.00,0.00,0.00,0.00,0.00,0.00,0.00,0.00,0.00,0.00,0.00,0.00,0.00,0,0,0,0,0,0,0,0,0,0,0,0,0,0,0,0,0,0,0,0,0,0,0.001675042,0,0,0,0,0,0,0,0.001675042,0,0,0,0,0,0,0,0,0.001675042,0,0.001675042,0,0,0,0,0,0,0,0,0,0,0,0,0,0,0,0,0,0,0,0,0,0,0.001675042,0,0,0,0,0,0,0,0,0,0,0,0,0,0,0,0,0,0,0,0,0,0,0,0,0,0,0,0,0,0,0,0,0,0,0,0,0,0,0,0,0,0,0,0,0,0,0,0,0,0,0,0,0,0,0,0,0,0,0,0,0,0,0,0,0,0,0,0,0,0,0,0,0,0,0,0,0,0,0,0,0,0,0,0,0,0,0,0,0,0,0,0,0,0.001675042,0,0,0,0,0,0,0,0,0,0,0,0.001675042,0,0,0,0,0,0,0,0,0,0,0.738693467,0,0.001675042,0,0,0,0,0,0,0,0,0,0,0,0,0,0,0,0,0,0,0,0,0,0.018425461,0,0,0,0,0,0,0,0,0,0,0.224455611,0,0,0,0,0,0,0,0,0,0,1
50,0.00,0.00,0.00,0.00,0.00,0.00,0.00,0.00,0.00,0.00,0.01,0.00,0.00,0.00,0.00,0.00,0.00,0.00,0.00,0.00,0,0,0,0,0,0,0,0,0,0,0,0,0,0,0,0,0,0,0,0,0,0,0.000986193,0,0,0,0.000986193,0,0.000986193,0,0,0,0,0,0,0,0,0,0,0.000986193,0,0.000986193,0,0,0,0,0,0,0,0,0,0,0,0,0,0,0,0,0,0,0,0,0,0.001972387,0,0,0,0,0,0,0,0,0,0,0,0,0,0,0,0,0,0,0,0,0,0,0,0,0,0,0,0,0,0,0,0,0,0,0,0,0,0,0,0,0,0,0,0,0,0,0,0,0,0,0,0,0,0,0,0,0,0,0,0,0,0,0,0,0,0,0,0,0,0,0,0,0,0,0,0,0,0,0,0,0,0,0,0,0,0,0,0,0,0,0,0,0,0,0,0,0,0,0,0,0,0,0,0,0,0,0,0,0,0,0,0.000986193,0,0,0,0,0,0.729783037,0,0.000986193,0,0,0,0,0,0,0,0,0,0,0,0,0,0,0,0,0.000986193,0,0,0,0,0.013806706,0,0,0,0,0,0,0,0,0,0,0.235700197,0,0,0,0,0,0,0,0,0,0,1
51,0.00,0.00,0.00,0.00,0.00,0.00,0.00,0.00,0.00,0.00,0.04,0.01,0.00,0.00,0.00,0.00,0.00,0.00,0.00,0.00,0,0,0.00109529,0.00109529,0,0,0,0,0,0,0,0,0,0,0,0,0,0,0,0,0,0,0.002190581,0,0,0,0.002190581,0,0,0,0,0,0,0,0,0,0,0.00109529,0,0,0,0.002190581,0,0,0,0,0,0,0,0,0,0,0,0,0,0,0,0,0,0,0,0,0,0,0,0,0,0,0,0,0,0,0,0,0,0,0,0,0,0,0,0,0,0.00109529,0,0,0,0,0,0,0,0,0,0,0,0,0,0,0,0,0,0,0,0,0,0,0,0,0.00109529,0,0,0,0,0,0,0,0,0,0,0,0,0,0,0,0,0,0,0,0,0.00109529,0,0,0,0,0,0,0,0,0,0.00109529,0,0,0,0,0,0,0,0,0,0,0,0,0,0,0,0,0,0,0,0,0,0,0,0,0,0,0,0,0,0.00109529,0,0,0.00109529,0,0,0.00109529,0,0,0,0,0,0.587075575,0.004381161,0.004381161,0.00109529,0,0,0.00109529,0,0,0,0,0,0,0,0,0.003285871,0,0,0,0,0,0,0,0,0.015334064,0,0,0,0,0,0,0,0,0,0,0.306681271,0,0.016429354,0,0,0,0,0,0,0,0,1
52,0.00,0.00,0.00,0.00,0.00,0.00,0.00,0.00,0.00,0.00,0.04,0.01,0.00,0.00,0.00,0.00,0.00,0.00,0.00,0.00,0,0,0,0.001324503,0,0,0,0,0,0.001324503,0,0,0,0,0,0,0,0,0,0,0,0,0.010596026,0,0,0,0,0,0.001324503,0,0,0,0,0,0,0,0,0.001324503,0,0,0,0.005298013,0,0,0,0,0,0,0,0,0.001324503,0.001324503,0,0,0,0,0,0,0,0,0.00397351,0,0,0,0,0,0,0,0,0,0,0,0,0,0,0,0,0,0,0,0,0,0,0,0,0,0,0,0,0,0,0,0,0,0.001324503,0,0,0,0,0,0,0,0,0,0,0,0,0,0,0,0,0,0.001324503,0,0,0,0,0,0,0,0,0,0,0,0,0,0,0,0,0,0,0,0,0,0,0,0,0,0,0,0,0,0,0,0,0,0,0,0,0,0,0,0,0,0,0,0,0,0,0,0,0,0,0,0,0,0,0,0,0,0,0,0.001324503,0.001324503,0,0,0,0,0,0,0,0.441059603,0.001324503,0.009271523,0.001324503,0,0,0.001324503,0,0.001324503,0,0,0,0,0,0,0.001324503,0,0,0.001324503,0.001324503,0,0,0,0,0.045033113,0,0,0,0,0,0,0,0,0,0,0.405298013,0,0.00794702,0,0,0,0,0,0,0,0,1
53,0.00,0.00,0.00,0.00,0.00,0.00,0.00,0.00,0.00,0.00,0.05,0.01,0.00,0.00,0.00,0.00,0.00,0.00,0.00,0.00,0,0,0,0,0,0,0,0,0,0.002183406,0,0,0,0.002183406,0.004366812,0,0,0,0,0,0,0,0.015283843,0,0,0,0,0,0.002183406,0,0,0,0.008733624,0,0,0,0,0,0,0.002183406,0,0.010917031,0,0,0,0,0,0,0,0,0,0.002183406,0,0,0,0,0,0,0,0,0.002183406,0,0,0,0,0,0,0,0,0,0,0.002183406,0,0,0,0,0,0,0,0,0,0,0,0.002183406,0,0.002183406,0,0,0,0,0,0,0,0,0,0,0,0,0,0,0,0,0,0,0,0,0,0,0,0,0,0,0,0,0,0.002183406,0,0,0,0,0,0,0,0,0,0,0,0,0,0,0.002183406,0.002183406,0,0,0,0,0,0,0,0,0,0,0,0,0,0,0,0,0,0,0,0,0.002183406,0,0,0,0,0,0,0,0,0,0,0,0,0,0,0,0,0.002183406,0,0,0,0.006550218,0,0.004366812,0,0,0,0,0,0.35371179,0,0.008733624,0,0.010917031,0,0,0,0,0,0,0,0,0,0,0.002183406,0,0,0,0,0,0,0,0,0.063318777,0,0,0,0,0,0,0,0,0,0,0.390829694,0,0.021834061,0,0.004366812,0,0,0,0,0,0,1
54,0.00,0.00,0.00,0.00,0.00,0.00,0.00,0.00,0.00,0.00,0.04,0.00,0.00,0.00,0.00,0.00,0.00,0.00,0.00,0.00,0,0,0.000967118,0,0,0,0,0,0,0.001934236,0,0,0,0,0,0,0,0,0,0,0,0,0.008704062,0,0,0,0,0,0,0,0.000967118,0,0,0,0,0,0,0,0,0.001934236,0,0.003868472,0,0,0,0,0,0,0,0,0,0.000967118,0.000967118,0,0.000967118,0,0,0,0,0,0,0,0,0,0,0,0,0,0,0,0,0,0,0,0,0,0.000967118,0,0,0,0,0,0,0,0,0,0,0,0,0,0,0,0,0,0,0,0,0,0,0,0,0,0,0,0,0,0,0,0,0,0,0,0.000967118,0,0.000967118,0,0,0,0,0.000967118,0,0,0,0,0,0.000967118,0,0,0,0,0,0,0,0,0,0,0,0,0,0,0,0,0,0.000967118,0,0,0,0,0,0,0,0.000967118,0,0,0,0,0,0,0,0,0,0,0,0,0,0.000967118,0,0,0,0.001934236,0,0,0.000967118,0.000967118,0,0,0,0,0,0,0.000967118,0.441005803,0.001934236,0.005802708,0.000967118,0.000967118,0,0,0,0,0,0,0,0,0,0,0,0,0,0,0,0,0.000967118,0,0,0.057059961,0,0,0,0,0,0,0,0,0,0,0.400386847,0,0.013539652,0,0.001934236,0,0,0,0,0,0,1
55,0.00,0.00,0.00,0.00,0.00,0.00,0.00,0.00,0.00,0.00,0.24,0.00,0.00,0.00,0.00,0.00,0.00,0.00,0.00,0.00,0,0,0,0,0,0,0,0.003355705,0,0,0,0,0,0,0,0,0,0,0.005592841,0,0,0,0.001118568,0,0,0,0,0,0,0,0.001118568,0,0,0,0,0,0,0,0,0,0,0.001118568,0,0,0,0,0,0,0,0,0,0,0,0,0.001118568,0,0,0,0,0,0,0.001118568,0,0,0.002237136,0,0,0,0,0,0,0,0,0,0,0,0,0,0.001118568,0,0,0,0,0,0,0,0,0,0,0,0,0.002237136,0,0,0,0,0,0,0,0,0,0,0,0,0,0,0,0,0,0,0,0,0,0,0.001118568,0.004474273,0,0,0,0,0,0,0,0,0,0.001118568,0,0,0,0,0,0,0,0.003355705,0,0,0,0,0,0,0,0,0,0,0,0.001118568,0,0,0,0,0,0,0,0,0,0,0,0,0.001118568,0,0,0,0,0,0,0,0,0,0,0.007829978,0,0,0.001118568,0,0,0,0,0.001118568,0,0.001118568,0,0.531319911,0.001118568,0.010067114,0.002237136,0.001118568,0,0,0,0,0,0,0,0,0,0,0,0,0,0,0,0,0,0.001118568,0,0.001118568,0.001118568,0,0,0,0,0,0,0,0,0,0.125279642,0,0.013422819,0,0.031319911,0,0,0,0,0,0,1
56.01,0.00,0.00,0.00,0.00,0.00,0.00,0.00,0.00,0.00,0.00,0.00,0.00,0.00,0.00,0.00,0.00,0.00,0.00,0.00,0.00,0,0,0,0,0,0,0.001364256,0,0,0,0,0,0,0,0,0,0.001364256,0.001364256,0.001364256,0,0,0,0.002728513,0,0,0,0,0,0,0.001364256,0.001364256,0,0.001364256,0,0,0,0,0,0,0.002728513,0,0,0,0,0,0,0,0,0,0,0,0.001364256,0,0.001364256,0,0,0,0,0,0,0,0,0,0,0,0,0,0,0,0,0,0,0,0,0,0,0,0,0,0,0,0,0,0,0,0,0,0,0,0,0,0,0,0,0,0,0,0,0,0,0,0,0,0,0,0,0,0,0,0,0,0,0,0,0,0,0,0.001364256,0,0,0,0,0,0,0,0,0,0,0,0,0,0,0,0,0,0,0,0,0,0,0,0,0,0,0,0,0,0,0,0,0,0,0,0,0,0,0,0,0,0,0,0,0,0,0,0.001364256,0,0,0,0,0.001364256,0,0,0.001364256,0,0.001364256,0,0,0,0,0,0.818553888,0,0,0,0,0,0,0,0,0,0,0,0,0,0,0,0,0,0,0,0,0,0,0,0.001364256,0,0,0,0,0,0,0,0,0,0,0.151432469,0,0,0,0,0,0,0,0,0,0,1
56.02,0.00,0.02,0.01,0.00,0.00,0.00,0.00,0.00,0.00,0.00,0.06,0.00,0.01,0.00,0.00,0.00,0.00,0.00,0.00,0.00,0,0,0,0,0,0,0,0,0,0,0,0,0,0,0,0,0,0,0,0,0,0,0,0,0,0,0,0,0,0,0,0,0,0,0,0,0,0,0,0,0,0,0,0,0,0,0,0,0,0,0,0.011695906,0,0,0,0,0,0,0,0,0,0,0,0,0,0,0,0,0,0,0,0,0,0,0,0,0,0,0,0,0,0,0,0,0,0,0,0,0,0,0,0,0,0,0,0,0,0,0,0,0,0,0.005847953,0,0,0,0,0,0,0,0,0,0,0,0,0,0,0,0,0,0,0,0,0,0,0,0,0,0,0,0,0,0,0,0,0,0,0,0,0,0,0,0,0,0,0.011695906,0,0,0,0,0,0,0,0,0,0,0,0,0,0,0,0,0,0,0,0,0,0,0,0,0,0,0,0,0,0,0,0,0,0,0,0.134502924,0,0,0,0,0,0.005847953,0,0,0,0,0,0,0,0,0,0.730994152,0,0,0,0,0,0,0,0,0,0,0,0,0,0,0,0,0,0,0,0,0,0,0,0,0,0,0,0,0,1
57,0.00,0.00,0.00,0.00,0.00,0.00,0.00,0.00,0.00,0.00,0.02,0.01,0.00,0.00,0.00,0.00,0.00,0.00,0.00,0.00,0,0,0,0.00255102,0,0,0,0.00127551,0,0,0,0,0,0,0,0,0,0,0.00127551,0,0,0,0.003826531,0,0,0,0.00255102,0,0,0,0,0,0,0,0,0,0,0,0,0.00127551,0,0.00255102,0,0,0,0,0,0,0,0,0,0,0,0,0,0,0,0,0,0,0.00127551,0,0,0,0,0,0,0,0,0,0,0,0,0,0,0,0,0,0,0,0,0,0,0,0,0,0,0,0,0,0,0,0.00127551,0,0,0,0,0,0,0,0,0,0,0,0,0,0,0,0,0,0,0,0,0,0,0,0,0,0,0,0,0,0,0,0,0,0,0,0,0,0,0,0,0,0,0,0,0,0,0,0,0,0,0,0,0,0,0.00127551,0,0,0,0,0,0,0,0,0,0,0,0,0,0,0,0,0,0.00127551,0,0,0,0.00127551,0,0,0,0,0,0.00127551,0,0,0,0,0,0.732142857,0.00255102,0.005102041,0,0,0,0.00127551,0,0,0,0,0,0,0,0,0.00255102,0,0,0,0,0,0,0,0,0.011479592,0,0,0,0,0,0,0,0,0,0,0.19005102,0,0.011479592,0,0,0,0,0,0,0,0,1
58,0.00,0.00,0.00,0.00,0.00,0.00,0.00,0.00,0.00,0.00,0.05,0.00,0.00,0.00,0.00,0.00,0.00,0.00,0.00,0.00,0,0,0,0,0,0,0,0,0,0,0,0,0,0,0,0,0,0,0,0,0,0,0.007329843,0,0,0,0.00104712,0,0,0,0.00104712,0,0.00104712,0,0,0,0,0,0,0,0,0,0,0,0,0,0,0,0,0,0,0,0,0,0,0,0.00104712,0,0,0,0,0,0,0,0,0,0,0,0,0,0,0,0,0,0,0,0,0,0,0,0.00104712,0,0,0,0,0,0,0,0,0,0,0,0,0,0,0,0,0,0,0,0,0,0,0,0,0,0,0,0,0,0,0,0,0,0,0,0,0,0,0,0,0,0,0,0,0,0,0,0,0,0,0,0,0,0,0,0,0,0,0,0,0,0,0,0,0,0,0,0,0,0,0,0,0,0,0,0,0,0,0,0,0,0,0,0,0,0,0,0,0.00104712,0,0,0,0,0,0.00104712,0,0,0,0,0,0.570680628,0,0,0,0.002094241,0,0,0,0,0,0,0,0,0,0,0,0,0,0,0.002094241,0,0,0,0,0.019895288,0,0,0,0,0,0,0,0,0,0,0.337172775,0,0.00104712,0,0.00104712,0,0,0,0,0,0,1
59,0.00,0.00,0.00,0.00,0.00,0.00,0.00,0.00,0.00,0.00,0.03,0.00,0.00,0.00,0.00,0.00,0.00,0.00,0.00,0.00,0,0,0,0,0,0,0,0,0,0,0,0,0,0,0,0,0,0,0,0,0,0,0.004470939,0,0,0,0,0,0,0,0,0,0,0,0,0,0,0,0,0,0,0.002980626,0,0,0,0,0,0,0,0,0,0,0,0,0,0,0,0,0,0,0,0,0,0,0,0,0,0,0,0,0,0,0,0,0,0,0,0,0,0,0,0,0,0,0,0.001490313,0,0,0,0,0,0,0,0,0,0,0,0,0,0,0,0,0,0,0,0,0,0,0,0,0,0,0,0,0,0,0.001490313,0,0,0,0,0,0,0,0,0,0,0,0,0,0,0,0,0,0,0,0,0,0.001490313,0,0,0,0,0,0,0,0,0,0,0,0,0,0,0,0.001490313,0,0,0,0,0,0,0,0,0,0,0,0,0,0,0,0,0,0,0,0,0.001490313,0,0,0,0,0,0.585692996,0.001490313,0.001490313,0,0,0,0,0,0,0,0,0,0,0,0,0.001490313,0,0,0,0,0,0,0,0,0.017883756,0,0,0,0,0,0,0,0,0,0,0.327868852,0,0.013412817,0,0,0,0,0,0,0,0,1
60,0.00,0.00,0.00,0.00,0.00,0.00,0.00,0.00,0.00,0.00,0.09,0.00,0.00,0.00,0.00,0.00,0.00,0.00,0.00,0.00,0,0,0,0.001337793,0,0,0,0,0,0.000668896,0,0,0,0,0,0,0,0,0,0,0.000668896,0,0.002675585,0,0,0,0,0,0.001337793,0.001337793,0,0,0.000668896,0,0,0,0,0,0,0.002006689,0,0.001337793,0,0,0,0,0,0,0,0,0,0,0,0,0,0,0,0,0,0.000668896,0,0,0,0,0,0,0,0,0,0,0,0,0,0.000668896,0,0,0,0,0,0,0,0,0,0,0.000668896,0,0,0,0,0,0,0,0.000668896,0,0,0,0,0,0,0.001337793,0,0,0,0,0,0,0,0,0,0,0,0,0,0,0.000668896,0,0,0,0,0,0,0,0,0,0,0,0,0,0,0.000668896,0,0,0,0,0,0,0,0,0,0,0,0.000668896,0,0,0,0,0,0.000668896,0,0,0,0,0,0,0,0,0,0,0,0,0,0,0,0,0,0.000668896,0,0.001337793,0,0.001337793,0,0,0.001337793,0,0,0.000668896,0,0,0,0,0,0.767892977,0.001337793,0.00735786,0,0,0.000668896,0,0,0.001337793,0,0,0,0,0,0,0,0,0.000668896,0,0,0,0.000668896,0,0,0.009364548,0,0,0,0,0,0,0,0,0,0,0.090301003,0,0.003344482,0,0.001337793,0,0,0,0,0,0,1
61.01,0.00,0.00,0.00,0.00,0.00,0.00,0.00,0.00,0.00,0.00,0.05,0.00,0.00,0.00,0.00,0.00,0.00,0.00,0.00,0.00,0.000893655,0,0.000893655,0.00357462,0,0,0,0,0,0.00357462,0,0,0,0.00178731,0.00178731,0,0,0,0,0,0.000893655,0,0.00357462,0,0,0,0,0,0,0,0,0,0.000893655,0,0,0,0,0.000893655,0.000893655,0.000893655,0,0.00178731,0,0,0,0,0,0,0,0,0,0,0,0,0.000893655,0,0,0.002680965,0,0.000893655,0.000893655,0,0,0,0,0,0.000893655,0,0.000893655,0,0,0.00178731,0,0,0,0,0.000893655,0,0,0,0,0,0,0.000893655,0,0.002680965,0,0,0,0,0,0,0,0,0,0,0,0,0,0,0,0,0,0,0,0,0,0,0.000893655,0.000893655,0,0,0,0,0.000893655,0,0,0,0,0,0,0,0.000893655,0,0,0,0,0,0,0.00178731,0.00178731,0,0,0.00178731,0,0,0,0,0,0,0,0,0,0,0,0,0,0.000893655,0,0,0,0,0,0,0,0,0,0,0,0,0,0,0,0,0,0,0,0,0,0,0,0,0.00178731,0,0,0,0,0,0.000893655,0.00178731,0,0.707774799,0.014298481,0.012511171,0.000893655,0,0,0,0,0,0,0,0,0,0,0,0.00178731,0,0.000893655,0.000893655,0,0,0.000893655,0.000893655,0,0.002680965,0,0,0,0,0,0,0,0,0,0,0.131367292,0.00178731,0.012511171,0,0.000893655,0,0,0,0,0,0,1
61.02,0.00,0.00,0.00,0.00,0.00,0.00,0.00,0.00,0.00,0.00,0.13,0.00,0.00,0.00,0.00,0.00,0.00,0.00,0.00,0.00,0,0,0,0,0,0,0,0,0,0.008264463,0,0,0,0.008264463,0.008264463,0,0,0,0,0,0,0.008264463,0,0,0,0,0,0,0,0,0,0,0,0,0.008264463,0,0,0,0,0,0,0,0,0,0,0,0,0,0,0,0,0,0,0,0,0,0,0,0,0.008264463,0,0,0,0,0,0,0,0,0,0,0,0,0,0,0.008264463,0,0,0,0,0,0,0,0,0,0,0.016528926,0,0,0,0,0,0,0,0,0,0,0,0,0,0,0,0.041322314,0,0,0,0,0,0,0,0.008264463,0,0,0,0,0,0,0,0,0,0,0,0,0,0,0,0,0,0,0,0,0,0,0,0.082644628,0.008264463,0,0,0,0,0.008264463,0,0,0,0,0,0,0,0,0,0,0,0,0,0.008264463,0.049586777,0,0,0,0,0,0,0,0,0,0,0,0,0,0,0,0,0,0,0,0,0,0,0,0.016528926,0,0,0.504132231,0,0.008264463,0,0,0,0,0,0,0,0,0,0,0,0,0,0,0,0,0,0,0,0,0,0,0,0,0,0,0,0,0,0,0,0,0.033057851,0,0.008264463,0,0.008264463,0,0,0,0,0.008264463,0,1
61.03,0.00,0.00,0.00,0.00,0.00,0.00,0.00,0.00,0.00,0.00,0.01,0.00,0.00,0.00,0.00,0.00,0.00,0.00,0.00,0.00,0,0,0,0,0,0,0,0,0,0.000882613,0,0,0,0,0,0,0,0,0,0,0,0,0.000882613,0,0,0,0,0,0,0.001765225,0,0,0,0,0,0,0,0,0,0.002647838,0,0,0,0,0,0,0,0,0,0,0.000882613,0,0,0.001765225,0,0,0,0.000882613,0,0,0,0.000882613,0,0.000882613,0,0,0,0,0,0,0,0,0,0,0,0,0,0,0,0,0,0,0,0,0,0.000882613,0,0,0,0,0,0,0,0.000882613,0,0,0,0,0,0,0,0,0,0,0,0,0,0,0,0,0,0,0.000882613,0,0,0,0,0,0,0,0,0,0,0,0,0,0,0,0,0,0,0,0,0,0,0,0,0,0,0,0,0,0,0,0,0,0,0,0,0,0,0,0,0,0,0,0,0,0,0,0,0,0,0,0,0,0,0,0,0,0,0.000882613,0,0,0,0.000882613,0,0,0,0,0,0.929390997,0,0.001765225,0,0,0,0,0,0,0,0,0,0,0,0,0,0,0,0,0.000882613,0,0,0,0,0.004413063,0,0,0,0,0,0,0,0,0,0,0.036187114,0,0.002647838,0,0,0,0,0,0,0,0,1
Grand Total,0.00119451,0.000542959,0.000173747,4.34367E-05,2.17184E-05,4.34367E-05,0.000108592,2.17184E-05,0.00013031,0.000108592,0.081813048,0.010229346,0.000217184,8.68734E-05,2.17184E-05,0.000282339,0.000282339,0.000173747,0.000108592,0.000173747,0.000282339,0.000217184,0.000760142,0.002150117,0.000152028,6.51551E-05,0.000195465,0.000586396,4.34367E-05,0.00145513,2.17184E-05,2.17184E-05,2.17184E-05,0.000304057,0.001129355,2.17184E-05,2.17184E-05,0.000325775,0.00026062,2.17184E-05,0.000152028,0.00013031,0.002997133,0.000173747,2.17184E-05,2.17184E-05,0.000217184,0.000173747,0.00184606,0.000152028,0.000434367,8.68734E-05,0.000477804,2.17184E-05,0.000217184,6.51551E-05,0.00013031,0.00026062,0.000173747,0.001433412,0.000152028,0.002302146,0.000217184,4.34367E-05,4.34367E-05,2.17184E-05,4.34367E-05,0.00026062,6.51551E-05,4.34367E-05,0.00039093,0.000412649,0.000456085,0.000369212,0.000825298,6.51551E-05,0.000108592,0.000173747,0.000456085,0.000304057,0.000304057,8.68734E-05,4.34367E-05,0.000195465,0.000238902,0.00013031,2.17184E-05,4.34367E-05,0.00013031,0.000369212,2.17184E-05,0.000716706,0.00013031,2.17184E-05,2.17184E-05,8.68734E-05,0.00026062,6.51551E-05,0.000282339,0.000108592,2.17184E-05,0.000477804,4.34367E-05,0.000325775,0.00013031,0.000760142,8.68734E-05,2.17184E-05,6.51551E-05,2.17184E-05,0.000760142,0.00013031,0.000108592,8.68734E-05,8.68734E-05,0.000108592,0.00013031,4.34367E-05,0.000412649,0.000195465,4.34367E-05,0.002019807,6.51551E-05,0.000195465,4.34367E-05,0.000238902,2.17184E-05,0.000369212,0.000369212,0.000282339,2.17184E-05,6.51551E-05,0.000238902,2.17184E-05,0.000238902,0.001237946,2.17184E-05,2.17184E-05,6.51551E-05,0.00013031,2.17184E-05,2.17184E-05,0.000152028,4.34367E-05,0.000108592,0.000108592,0.000108592,0.000108592,4.34367E-05,0.000238902,0.000217184,2.17184E-05,0.00013031,0.004669447,4.34367E-05,2.17184E-05,4.34367E-05,6.51551E-05,0.000195465,0.000434367,0.000456085,8.68734E-05,0.000108592,6.51551E-05,8.68734E-05,0.000173747,0.000108592,0.000977326,2.17184E-05,6.51551E-05,4.34367E-05,0.00013031,6.51551E-05,4.34367E-05,0.000716706,4.34367E-05,2.17184E-05,6.51551E-05,6.51551E-05,6.51551E-05,2.17184E-05,4.34367E-05,6.51551E-05,0.000152028,2.17184E-05,0.000456085,6.51551E-05,6.51551E-05,4.34367E-05,0.00158544,6.51551E-05,6.51551E-05,0.002432456,0.004864912,2.17184E-05,0.000608114,2.17184E-05,0.000108592,0.00039093,0.00026062,8.68734E-05,0.539440535,0.006754409,0.013161324,0.002063244,0.001172791,0.000152028,0.000499522,6.51551E-05,0.000152028,8.68734E-05,8.68734E-05,2.17184E-05,6.51551E-05,2.17184E-05,0.000108592,0.000325775,0.002801668,0.00026062,0.000304057,0.00026062,6.51551E-05,0.00026062,8.68734E-05,4.34367E-05,0.023694727,0.000108592,6.51551E-05,0.00013031,0.00013031,4.34367E-05,2.17184E-05,2.17184E-05,2.17184E-05,4.34367E-05,8.68734E-05,0.233298584,0.001020763,0.013443663,2.17184E-05,0.004821475,0.000173747,2.17184E-05,2.17184E-05,2.17184E-05,6.51551E-05,2.17184E-05,1
