OriginIDGen,DestIDGen,OriginIDChar,DestIDChar,D_TwelveAM.Time,D_TwelveAM.Distance,T_TwelveAM.Time,T_TwelveAM.Distance,D_OneAM.Time,D_OneAM.Distance,T_OneAM.Time,T_OneAM.Distance,D_TwoAM.Time,D_TwoAM.Distance,T_TwoAM.Time,T_TwoAM.Distance,D_ThreeAM.Time,D_ThreeAM.Distance,T_ThreeAM.Time,T_ThreeAM.Distance,D_FourAM.Time,D_FourAM.Distance,T_FourAM.Time,T_FourAM.Distance,D_WeekDay_Winter.D_FivePM.Time,D_WeekDay_Winter.D_FivePM.Distance,T_FiveAM.Time,T_FiveAM.Distance,D_SixAM.Time,D_SixAM.Distance,T_SixAM.Time,T_SixAM.Distance,D_SevenAM.Time,D_SevenAM.Distance,T_SevenAM.Time,T_SevenAM.Distance,D_EightAM.Time,D_EightAM.Distance,T_EightAM.Time,T_EightAM.Distance,D_NineAM.Time,D_NineAM.Distance,T_NineAM.Time,T_NineAM.Distance,D_TenAM.Time,D_TenAM.Distance,T_TenAM.Time,T_TenAM.Distance,D_ElevenAM.Time,D_ElevenAM.Distance,T_ElevenAM.Time,T_ElevenAM.Distance,D_TwelvePM.Time,D_TwelvePM.Distance,T_TwelvePM.Time,T_TwelvePM.Distance,D_OnePM.Time,D_OnePM.Distance,T_OnePM.Time,T_OnePM.Distance,D_TwoPM.Time,D_TwoPM.Distance,T_TwoPM.Time,T_TwoPM.Distance,D_ThreePM.Time,D_ThreePM.Distance,T_ThreePM.Time,T_ThreePM.Distance,D_FourPM.Time,D_FourPM.Distance,T_FourPM.Time,T_FourPM.Distance,D_WeekDay_Winter_A.D_FivePM.Time,D_WeekDay_Winter_A.D_FivePM.Distance,T_FivePM.Time,T_FivePM.Distance,D_SixPM.Time,D_SixPM.Distance,T_SixPM.Time,T_SixPM.Distance,D_SevenPM.Time,D_SevenPM.Distance,T_SevenPM.Time,T_SevenPM.Distance,D_EightPM.Time,D_EightPM.Distance,T_EightPM.Time,T_EightPM.Distance,D_NinePM.Time,D_NinePM.Distance,T_NinePM.Time,T_NinePM.Distance,D_TenPM.Time,D_TenPM.Distance,T_TenPM.Time,T_TenPM.Distance,D_ElevenPM.Time,D_ElevenPM.Distance,T_ElevenPM.Time,T_ElevenPM.Distance
43.0663725766+-76.1742445404,43.0479517596+-76.1505944348,43.0663725766+-76.1742445404,43.0479517596+-76.1505944348,8.40,2.42,43.25,2.14,487,3900,2501,6887,502,3900,2595,3440,475,3900,2595,3440,469,3900,2595,3440,537,3900,2595,3440,464,5439,2595,3440,482,3900,2595,3440,476,3900,2595,3440,479,3900,2595,3440,490,3900,2188,4383,461,3900,1602,4500,495,5439,1600,4500,635,5439,1506,4793,515,3900,1626,4793,504,3900,1686,4807,534,3900,1566,4933,537,3900,1446,4810,526,3900,1626,4933,524,3900,1446,4810,547,3900,1686,4807,552,5439,1446,4807,568,5439,1506,4860,504,3900,1521,4810
43.0747151375+-76.1587527487,43.0479517596+-76.1505944348,43.0747151375+-76.1587527487,43.0479517596+-76.1505944348,9.17,2.40,20.07,2.45,554,3866,1204,3941,547,3866,1204,3941,537,3866,2609,3521,525,3866,1204,3941,584,3866,2609,3521,510,5405,2609,3521,549,3866,2609,3521,523,3866,2609,3521,519,3866,2609,3521,519,3866,1495,5412,505,3866,1204,3941,561,5405,974,4305,698,5405,1164,4205,566,3866,1922,5915,555,3866,2177,6059,585,3866,974,4305,584,3866,1204,3941,572,3866,1204,3941,582,3866,1204,3941,606,3866,974,4305,599,5405,1922,5915,617,5405,1175,4205,555,3866,1175,3941
43.0810172692+-76.14872837,43.0479517596+-76.1505944348,43.0810172692+-76.14872837,43.0479517596+-76.1505944348,12.28,2.96,28.70,3.74,709,4756,1722,6026,723,4756,1722,6026,690,4756,1763,6026,670,4756,1763,6026,772,4756,3155,4241,698,4756,3155,4241,737,4756,3155,4241,635,4756,3155,4241,670,4756,3155,4241,679,4756,1520,6026,663,4756,1520,6026,757,6253,1722,6026,843,6253,1922,6026,755,4756,2173,6024,731,4756,1990,6026,761,4756,1990,6026,772,4756,1545,5650,755,4756,2000,6026,739,4756,2173,6024,790,4756,1545,5650,796,6253,2000,6026,803,6253,1375,5449,721,4756,1760,6026
43.0761243256+-76.1381212822,43.0479517596+-76.1505944348,43.0761243256+-76.1381212822,43.0479517596+-76.1505944348,11.82,2.72,29.25,3.52,684,4379,1755,5670,690,4379,1755,5670,674,4379,2872,3937,664,4379,1756,5670,725,4379,1474,5913,734,4163,2872,3937,709,4379,2872,3937,651,4379,2872,3937,642,4379,2872,3937,624,4379,1760,6674,665,4379,1598,5913,678,4379,1598,5913,698,4379,1935,5670,716,4379,1732,5913,714,4379,2230,6674,725,4379,2230,6674,725,4379,2230,6674,725,4379,1755,5670,740,4379,1732,5913,776,4379,1460,6236,763,4379,2240,6674,754,4379,1360,5494,728,4379,1674,5913
43.0636995737+-76.1573576794,43.0479517596+-76.1505944348,43.0636995737+-76.1573576794,43.0479517596+-76.1505944348,6.50,1.42,14.82,1.55,374,2283,1453,1959,381,2283,1453,1959,360,2283,889,2499,347,2283,889,2499,420,2283,1453,1959,358,3823,1453,1959,369,2283,1453,1959,355,2283,1453,1959,407,2283,1453,1959,374,2283,1453,1959,357,2283,889,2499,399,3823,889,2762,511,3823,849,2762,410,2283,1453,1959,397,2283,1453,1959,424,2283,800,2866,420,2283,889,2499,416,2283,940,2642,412,2283,800,2866,426,2283,800,2866,425,3823,940,2642,449,3823,889,2762,392,2283,889,2499
43.0699229828+-76.1529980044,43.0479517596+-76.1505944348,43.0699229828+-76.1529980044,43.0479517596+-76.1505944348,9.98,1.82,19.80,2.48,573,2935,1188,3988,591,2935,1990,2709,564,2935,1990,2709,545,2935,1178,3501,648,2935,1656,5320,580,2935,1990,2709,575,2935,1990,2709,580,2935,1990,2709,560,2935,1990,2709,573,2935,1127,3988,545,2935,1178,3501,563,3145,1043,3582,596,3145,1138,3761,615,2935,1878,5320,613,2935,1396,3988,643,2935,1169,3571,648,2935,1178,3501,633,2935,1178,3501,630,2935,1878,5320,641,2935,1406,3988,659,3145,1406,3988,672,3145,1164,3761,611,2935,1164,3501
43.0691991051+-76.1460806811,43.0479517596+-76.1505944348,43.0691991051+-76.1460806811,43.0479517596+-76.1505944348,10.38,1.96,23.05,2.71,589,3154,1383,4359,603,3154,2148,2928,574,3154,2148,2928,550,3154,1384,4359,655,3154,1138,4602,601,3154,2148,2928,594,3154,2148,2928,558,3154,2148,2928,548,3154,2148,2928,572,3154,1102,4123,548,3154,1102,4123,571,3364,1175,4123,612,3364,1333,4123,621,3154,1360,4602,619,3154,1383,4123,642,3154,1383,4123,655,3154,1393,4123,649,3154,1383,4359,655,3154,1360,4602,668,3154,1393,4123,689,3364,1393,4123,693,3364,1393,4123,621,3154,1213,4123
43.0680469663+-76.1390969319,43.0479517596+-76.1505944348,43.0680469663+-76.1390969319,43.0479517596+-76.1505944348,10.15,2.10,23.35,2.21,581,3387,1401,3553,587,3387,2296,3132,571,3387,2296,3132,567,3387,1402,3553,618,3387,1221,3796,738,3387,2296,3132,609,3387,2296,3132,556,3387,2296,3132,542,3387,2296,3132,524,3387,1551,3823,556,3387,1345,3796,578,3387,1345,3796,597,3387,1554,3553,610,3387,1378,3796,613,3387,1774,3823,622,3387,1774,3823,618,3387,2296,3132,621,3387,1401,3553,635,3387,1378,3796,666,3387,1784,3823,658,3387,1784,3823,648,3387,1970,3831,628,3387,1608,3823
43.0677834545+-76.1274828654,43.0479517596+-76.1505944348,43.0677834545+-76.1274828654,43.0479517596+-76.1505944348,8.98,2.23,21.73,2.43,507,3583,1895,6392,508,3583,2389,3242,498,3583,2389,3242,516,3583,1304,3913,553,3583,1597,6635,615,3583,2389,3242,495,3583,2389,3242,486,3583,2389,3242,473,3583,2389,3242,444,3583,1294,3673,472,3583,1721,6635,518,3583,1304,3914,532,3583,1317,3952,556,3583,1872,6635,557,3583,1676,3639,562,3583,1590,5214,553,3583,1304,3913,552,3583,1304,3913,571,3583,1872,6635,606,3583,1292,3670,584,3583,1676,3639,580,3583,1311,3952,566,3583,1304,3913
43.0721089398+-76.109654254,43.0479517596+-76.1505944348,43.0721089398+-76.109654254,43.0479517596+-76.1505944348,12.25,3.12,25.55,3.31,693,5014,2404,7935,691,5014,2404,7935,677,5014,2405,7935,698,5014,1533,5328,756,5014,1489,5328,788,5014,3496,4673,660,5014,3496,4673,639,5014,3496,4673,645,5014,1523,5088,614,5014,1523,5088,667,5014,1533,5331,720,5014,1505,5328,736,5014,1520,5367,747,5014,2512,9196,759,5014,2154,6052,655,6057,2324,7009,756,5014,2324,7009,754,5014,1562,5328,770,5014,2381,8178,693,6057,1776,7622,784,5014,2154,6052,787,5014,1514,5367,769,5014,1562,5328
43.0637765862+-76.1484749131,43.0479517596+-76.1505944348,43.0637765862+-76.1484749131,43.0479517596+-76.1505944348,9.13,1.41,14.87,1.92,520,2275,1520,2048,536,2275,1520,2048,509,2275,892,3094,496,2275,933,3094,584,2275,1320,4452,526,2275,1520,2048,523,2275,1520,2048,518,2275,1520,2048,518,2275,1520,2048,470,3004,861,3094,497,2275,1009,2362,529,3004,1009,2625,538,3004,892,3094,560,2275,1100,3094,561,2275,1100,3094,578,2275,1520,2048,584,2275,1110,3094,574,2275,1110,3094,575,2275,1520,2048,584,2275,1110,3094,606,3004,1478,2115,602,3004,1110,3094,556,2275,930,3094
43.061195853+-76.1404601178,43.0479517596+-76.1505944348,43.061195853+-76.1404601178,43.0479517596+-76.1505944348,8.28,1.54,20.43,2.23,469,2483,1557,2127,462,2483,1557,2127,464,2483,1557,2127,479,2483,1227,3583,501,2483,1019,3825,575,2483,1557,2127,453,2483,1557,2127,448,2483,1557,2127,454,2483,1557,2127,417,2483,935,2912,443,2483,1143,3825,463,2483,1063,2807,483,2483,1076,2846,505,2483,1143,2912,507,2483,1096,2565,511,2483,1557,2127,501,2483,1153,2912,501,2483,1096,2565,522,2483,1203,3825,544,2483,1084,2807,526,2483,1076,2846,530,2483,1203,3825,515,2483,984,2912
43.0570871271+-76.1381728873,43.0479517596+-76.1505944348,43.0570871271+-76.1381728873,43.0479517596+-76.1505944348,6.57,1.20,11.10,1.40,366,1926,1174,1585,359,1926,1174,1585,361,1926,666,2250,378,1926,745,2008,398,1926,608,2250,472,1926,1174,1585,350,1926,1174,1585,345,1926,1174,1585,351,1926,1174,1585,314,1926,1174,1585,340,1926,666,2253,360,1926,669,2289,382,1926,666,2251,400,1926,833,2008,404,1926,699,2008,406,1926,1174,1585,398,1926,666,2250,400,1926,699,2008,419,1926,1174,1585,439,1926,687,2250,419,1926,679,2289,427,1926,721,2250,412,1926,833,2008
43.0574707245+-76.1265701526,43.0479517596+-76.1505944348,43.0574707245+-76.1265701526,43.0479517596+-76.1505944348,7.83,2.41,20.35,2.22,460,3877,1517,3325,446,3877,2133,2926,430,3877,2133,2926,444,3877,1221,3567,497,3877,1370,3567,492,3877,2133,2926,453,3877,2133,2926,439,3877,2133,2926,447,3877,2133,2926,437,3877,1211,3326,423,3877,1494,3567,445,3877,1221,3567,480,3877,1234,3605,483,3877,1494,3567,485,3877,1265,3324,480,3877,1213,3577,497,3877,1221,3567,489,3877,1221,3567,503,3877,1494,3567,532,3877,1213,3577,518,3877,1234,3605,529,3877,1272,3577,499,3877,1299,3577
43.0607890986+-76.1182781564,43.0479517596+-76.1505944348,43.0607890986+-76.1182781564,43.0479517596+-76.1505944348,8.67,2.50,28.20,2.93,507,4027,1692,4202,487,4027,2702,3668,476,4027,2702,3668,489,4027,1658,4445,543,4027,1628,4445,537,4027,2702,3668,495,4027,2702,3668,492,4027,2702,3668,480,4027,2702,3668,479,4027,1608,4714,477,4027,1658,4448,493,4027,1579,4385,532,4027,1702,4202,534,4027,1327,4385,533,4027,1579,4385,527,4027,1485,4385,543,4027,1485,4385,539,4027,1658,4445,552,4027,1449,4188,578,4027,1485,4385,562,4027,1579,4385,573,4027,1658,4445,544,4027,1579,4385
43.062213421+-76.1102489231,43.0479517596+-76.1505944348,43.062213421+-76.1102489231,43.0479517596+-76.1505944348,9.05,3.42,26.60,3.38,542,5496,3006,8930,523,5496,1744,5513,516,5496,1744,5513,533,5496,1744,5513,559,5496,1703,5513,571,5496,3269,4385,547,5496,3269,4385,518,5496,3269,4385,524,5496,3269,4385,526,5496,1512,5441,520,5496,1744,5516,520,5496,1515,5505,547,5496,1784,5270,558,5496,1544,6309,556,5496,1822,6309,550,5496,2189,8217,559,5496,2189,8217,560,5496,1766,5513,570,5496,1744,5513,586,5496,1247,5604,563,5496,1822,6309,577,5496,1512,5441,561,5496,1822,6309
43.0634914573+-76.0972034976,43.0479517596+-76.1505944348,43.0634914573+-76.0972034976,43.0479517596+-76.1505944348,9.55,3.41,25.97,3.86,568,5495,1935,6267,549,5495,1901,6510,535,5495,1901,6510,553,5495,1901,6510,598,5495,1833,6510,590,5495,1474,6207,572,5495,1474,6207,544,5495,1474,6207,550,5495,1474,6207,543,5495,1474,6207,538,5495,1901,6513,542,5495,1476,6270,578,5495,1476,6270,583,5495,1882,7745,584,5495,2160,7745,582,5495,1978,6510,598,5495,2717,9390,594,5495,1978,6510,602,5495,1901,6510,627,5495,1474,6207,613,5495,2160,7745,621,5495,1474,6207,598,5495,2160,7745
43.0567819831+-76.1936920579,43.0479517596+-76.1505944348,43.0567819831+-76.1936920579,43.0479517596+-76.1505944348,11.98,2.80,30.82,3.83,686,4508,1414,4927,685,4508,1414,4927,666,4508,1414,4927,655,4508,1414,4927,770,4508,1660,6181,693,4508,3153,4245,681,4508,3153,4245,631,4508,3153,4245,675,4508,1360,5654,651,4508,1360,5654,670,4508,1444,6276,660,4580,1698,5671,677,4580,1594,4927,719,4508,1623,4927,726,4508,1414,4927,754,4508,1594,4927,770,4508,1429,4927,774,4508,1429,4927,761,4508,1429,4927,782,4508,1429,4927,753,4580,1549,4927,747,4580,1565,5654,716,4508,1729,6181
43.0525743062+-76.1716089827,43.0479517596+-76.1505944348,43.0525743062+-76.1716089827,43.0479517596+-76.1505944348,8.42,1.56,10.33,1.58,485,2511,1608,2122,482,2511,1608,2122,465,2511,1608,2122,449,2511,620,2545,556,2511,1608,2122,480,2511,1608,2122,467,2511,1608,2122,462,2511,1608,2122,476,2511,1608,2122,459,2511,1842,6802,462,2511,620,2545,474,2718,722,2545,499,2718,722,2545,520,2511,789,2545,527,2511,722,2545,547,2511,722,2545,556,2511,722,2545,565,2511,635,2545,562,2511,672,2545,549,2511,1743,4950,554,2718,755,2545,569,2718,635,2545,507,2511,1558,2160
43.0558250842+-76.1483515279,43.0479517596+-76.1505944348,43.0558250842+-76.1483515279,43.0479517596+-76.1505944348,6.60,0.92,12.70,1.16,364,1476,853,1129,356,1476,853,1129,367,1476,548,1670,401,1476,853,1129,391,1476,853,1129,446,1476,853,1129,364,1476,853,1129,354,1476,853,1129,359,1476,853,1129,348,1476,853,1129,342,1476,762,1875,344,1476,765,1911,370,1476,548,1670,385,1476,701,1670,393,1476,853,1129,383,1476,853,1129,391,1476,853,1129,391,1476,771,1630,407,1476,701,1670,424,1476,853,1129,407,1476,853,1129,419,1476,793,1872,419,1476,586,1670
43.0540094832+-76.1353937333,43.0479517596+-76.1505944348,43.0540094832+-76.1353937333,43.0479517596+-76.1505944348,7.32,1.37,12.87,1.26,409,2205,1352,1771,405,2205,1352,1771,408,2205,1352,1771,423,2205,1064,2261,449,2205,934,2504,444,2078,1352,1771,394,2205,1352,1771,379,2205,1352,1771,391,2205,1352,1771,354,2205,1352,1771,375,2205,1069,2228,402,2205,688,2032,421,2205,684,2032,444,2205,1352,1771,448,2205,1018,2261,457,2205,1352,1771,449,2205,1139,2228,446,2205,1018,2261,466,2205,1352,1771,481,2205,688,2032,469,2205,1005,2542,475,2205,688,2032,453,2205,692,2032
43.0500708662+-76.1910868616,43.0479517596+-76.1505944348,43.0500708662+-76.1910868616,43.0479517596+-76.1505944348,10.83,2.58,26.67,3.26,617,4148,1005,4554,621,4148,1005,4554,595,4148,2777,3783,585,4148,1005,4554,704,4148,1423,5266,631,4148,2777,3783,615,4148,2777,3783,581,4148,2777,3783,607,4148,2777,3783,583,4148,1316,5056,605,4148,1198,5362,592,4221,1184,4554,611,4221,1184,4554,651,4148,1214,4554,659,4148,1184,4554,691,4148,1184,4554,704,4148,1184,4554,708,4148,1019,4554,696,4148,1020,4554,713,4148,1195,5787,685,4221,1140,4554,682,4221,1019,4554,648,4148,1483,5267
43.044129579+-76.1823964045,43.0479517596+-76.1505944348,43.044129579+-76.1823964045,43.0479517596+-76.1505944348,10.50,2.12,24.38,2.36,587,3408,1580,4912,607,3408,2282,3173,577,3408,2282,3173,576,3408,1580,4912,635,3408,1324,3817,575,3408,2282,3173,587,3408,2282,3173,574,3408,2282,3173,568,3408,2282,3173,546,3408,1167,3894,541,3408,1099,3912,535,3408,1099,3912,572,3408,1099,3912,582,3408,1777,4913,591,3408,2282,3173,626,3408,1737,4912,635,3408,1673,3912,641,3408,1595,4912,610,3408,1605,4913,642,3408,1123,4338,660,3408,1396,3933,721,3408,1373,3912,620,3408,1384,3817
43.0460831516+-76.1635605975,43.0479517596+-76.1505944348,43.0460831516+-76.1635605975,43.0479517596+-76.1505944348,6.75,0.95,16.92,0.83,378,1535,1015,1335,385,1535,1015,1335,358,1535,1217,2209,357,1535,1015,1335,416,1535,1015,1335,376,1535,1015,1335,374,1535,1015,1335,367,1535,1015,1335,373,1535,1015,1335,349,1535,1015,1335,341,1535,911,2404,330,1535,938,2421,356,1535,817,2493,372,1535,1015,1335,380,1535,1015,1335,403,1535,1015,1335,416,1535,1015,1335,417,1535,1015,1335,397,1535,1252,2420,421,1535,1015,1335,435,1535,982,1764,499,1535,1015,1335,411,1535,1217,2209
43.0479517596+-76.1505944348,43.0479517596+-76.1505944348,43.0479517596+-76.1505944348,43.0479517596+-76.1505944348,0.00,0.00,0.00,0.00,0,0,0,0,0,0,0,0,0,0,0,0,0,0,0,0,0,0,0,0,0,0,0,0,0,0,0,0,0,0,0,0,0,0,0,0,0,0,0,0,0,0,0,0,0,0,0,0,0,0,0,0,0,0,0,0,0,0,0,0,0,0,0,0,0,0,0,0,0,0,0,0,0,0,0,0,0,0,0,0,0,0,0,0,0,0,0,0,0,0,0,0
43.0485939319+-76.1346312928,43.0479517596+-76.1505944348,43.0485939319+-76.1346312928,43.0479517596+-76.1505944348,5.48,0.95,17.20,0.87,312,1532,1032,1396,306,1532,1032,1396,302,1532,614,1681,295,1532,1032,1396,338,1532,635,1977,368,1532,1032,1396,307,1532,1032,1396,295,1532,1032,1396,318,1532,1032,1396,300,1532,1032,1396,314,1532,650,1977,313,1532,532,1681,336,1532,532,1681,340,1532,614,1681,346,1532,595,1622,346,1532,697,1977,338,1532,595,1622,350,1532,1032,1396,359,1532,614,1681,363,1532,658,1660,353,1532,595,1622,363,1532,614,1681,337,1532,614,1681
43.047917346+-76.1203701319,43.0479517596+-76.1505944348,43.047917346+-76.1203701319,43.0479517596+-76.1505944348,8.17,1.73,15.92,1.79,490,2782,955,2885,467,2782,1916,2629,472,2782,1916,2629,500,2782,1049,3247,529,2782,929,3247,517,3157,1916,2629,485,2782,1916,2629,464,2782,1916,2629,480,2782,1916,2629,501,2782,1544,4525,480,2782,835,2885,474,2782,835,2885,498,2782,835,2885,522,2782,955,2885,517,2782,955,2885,522,2782,1049,3247,529,2782,955,2885,533,2782,955,2885,534,2782,955,2885,538,2782,955,2885,501,2782,1049,3247,532,2782,955,2885,505,2782,955,2885
43.050891953+-76.1096448486,43.0479517596+-76.1505944348,43.050891953+-76.1096448486,43.0479517596+-76.1505944348,10.57,2.49,23.05,2.60,612,4000,1383,4188,592,4000,1383,4188,582,4000,2639,3608,589,4000,1479,4465,666,4000,1335,4465,616,4000,2639,3608,594,4000,2639,3608,575,4000,2639,3608,580,4000,2639,3608,592,4000,1741,5287,576,4000,1247,4188,589,4000,1467,4465,617,4000,1247,4188,657,4000,2284,6954,650,4000,1383,4188,656,4000,1383,4188,666,4000,1479,4465,675,4000,1383,4188,683,4000,1383,4188,701,4000,1383,4188,684,4000,1467,4465,689,4000,1383,4188,663,4000,1383,4188
43.053732067+-76.0958973451,43.0479517596+-76.1505944348,43.053732067+-76.0958973451,43.0479517596+-76.1505944348,10.72,4.91,24.30,3.25,643,7896,1458,5238,619,7896,1458,5238,607,7896,2028,6203,616,7896,1838,6203,667,7896,3487,4704,673,7896,3487,4704,626,7896,3487,4704,596,7896,3487,4704,603,7896,3487,4704,608,7896,2092,6423,602,7896,1264,5238,597,7896,1993,6203,641,7896,1264,5238,648,7896,1458,5238,647,7896,1458,5238,656,7896,1458,5238,667,7896,2028,6203,674,7896,1458,5238,678,7896,1458,5238,692,7896,1458,5238,673,7896,1458,5238,687,7896,1458,5238,666,7896,1458,5238
43.0360702922+-76.1800254115,43.0479517596+-76.1505944348,43.0360702922+-76.1800254115,43.0479517596+-76.1505944348,8.75,1.98,19.30,2.22,520,3179,1696,4274,553,3179,2372,3179,539,3179,2372,3179,531,3179,1562,4160,572,3179,2372,3179,524,3179,2372,3179,496,3179,2372,3179,514,3179,2372,3179,504,3179,2372,3179,498,3179,1108,4251,505,3179,1024,4064,525,3179,1298,4250,573,3179,1024,4064,551,3179,1876,4274,550,3179,1435,4080,560,3179,1435,4080,572,3179,1435,4080,555,3179,1876,4274,548,3179,1435,4080,589,3179,1435,4080,603,3179,918,3817,571,3179,1576,4274,555,3179,2372,3179
43.0369023267+-76.1664443518,43.0479517596+-76.1505944348,43.0369023267+-76.1664443518,43.0479517596+-76.1505944348,7.42,1.35,18.33,1.44,442,2174,1490,2006,431,2174,1490,2006,442,2174,1132,2764,417,2174,1490,2006,482,2174,1490,2006,418,2174,1490,2006,422,2174,1490,2006,477,2174,1490,2006,418,2174,1490,2006,422,2174,805,2831,400,2174,894,2815,426,2174,921,2831,473,2174,894,2815,457,2174,1668,2532,464,2174,1266,2831,474,2174,1490,2006,482,2174,1583,2891,478,2174,1490,2006,467,2174,1266,2831,491,2174,689,2445,497,2174,1490,2006,476,2174,1283,2891,456,2174,1431,2854
43.0415160162+-76.1627462921,43.0479517596+-76.1505944348,43.0415160162+-76.1627462921,43.0479517596+-76.1505944348,5.27,0.88,17.82,0.88,306,1423,1069,1423,323,1423,1069,1423,318,1423,926,2215,312,1423,1069,1423,359,1423,1069,1423,307,1423,1069,1423,296,1423,1069,1423,304,1423,1069,1423,308,1423,1069,1423,301,1423,1069,1423,292,1423,709,2266,304,1423,736,2283,352,1423,731,2350,336,1423,1069,1423,337,1423,1069,1423,350,1423,1069,1423,359,1423,1069,1423,341,1423,1069,1423,333,1423,1060,2282,356,1423,795,1941,362,1423,1069,1423,348,1423,950,2350,337,1423,1205,2305
43.038603903+-76.149450719,43.0479517596+-76.1505944348,43.038603903+-76.149450719,43.0479517596+-76.1505944348,3.77,0.66,13.07,0.66,208,1062,784,1062,226,1062,784,1062,212,1062,784,1062,209,1062,784,1062,257,1062,784,1062,200,1062,784,1062,193,1062,784,1062,214,1062,784,1062,222,1062,784,1062,234,1062,784,1062,207,1062,419,1220,222,1062,496,1255,244,1062,700,1199,245,1062,697,1215,244,1062,657,1214,281,1062,796,1255,257,1062,796,1255,263,1062,784,1062,249,1062,675,1213,245,1062,784,1062,257,1062,796,1255,272,1062,496,1255,243,1062,645,1153
43.0388020855+-76.1403744968,43.0479517596+-76.1505944348,43.0388020855+-76.1403744968,43.0479517596+-76.1505944348,6.35,1.13,22.23,1.10,384,1822,1334,1775,375,1822,1334,1775,377,1822,1179,1789,376,1822,1334,1775,419,1822,1334,1775,342,1822,1334,1775,374,1822,1334,1775,354,1822,1334,1775,373,1822,1334,1775,361,1822,1111,2195,357,1822,766,2354,375,1822,766,2354,424,1822,948,2442,414,1822,1321,1791,414,1822,1368,2953,420,1822,1027,3103,419,1822,1111,2195,411,1822,1027,3103,405,1822,1182,1789,423,1822,1027,3103,478,1822,1059,2194,479,1856,1027,3103,407,1822,1066,2354
43.0399490964+-76.1349965685,43.0479517596+-76.1505944348,43.0399490964+-76.1349965685,43.0479517596+-76.1505944348,7.58,1.31,18.02,1.60,452,2110,1620,2240,447,2110,1620,2240,432,2110,941,2245,444,2110,1081,2582,518,2110,1019,2582,417,2110,1620,2240,411,2110,1620,2240,420,2110,1620,2240,443,2110,1620,2240,422,2110,1620,2240,412,2110,1007,3562,443,2110,913,2640,499,2110,856,2640,495,2110,1081,2582,496,2110,953,2733,504,2110,1081,2582,518,2110,953,2733,506,2110,953,2733,506,2110,793,2748,506,2110,913,2640,555,2110,861,2650,568,2110,1005,3546,478,2110,952,2245
43.0370925339+-76.1264392795,43.0479517596+-76.1505944348,43.0370925339+-76.1264392795,43.0479517596+-76.1505944348,8.72,1.92,20.03,2.21,523,3087,1668,3669,515,3087,2290,3087,516,3087,2290,3087,505,3087,1668,3669,556,3087,1581,3669,470,3087,2290,3087,480,3087,2290,3087,490,3087,2290,3087,492,3087,2290,3087,471,3087,1181,3955,460,3087,1178,4876,490,3087,1178,4876,535,3087,1061,3955,541,3087,1390,4467,535,3087,1181,3955,552,3087,1390,4467,556,3087,1181,3955,555,3087,1390,4467,552,3087,1151,3560,565,3087,1136,3560,606,3087,1197,3955,646,3087,1390,4467,553,3087,1193,3560
43.0359149739+-76.1185053167,43.0479517596+-76.1505944348,43.0359149739+-76.1185053167,43.0479517596+-76.1505944348,10.22,2.43,25.68,2.53,610,3913,1541,4064,614,3913,2608,3574,601,3913,2608,3574,591,3913,1541,4064,652,3913,1421,4064,548,3913,2608,3574,547,3913,2608,3574,564,3913,2608,3574,566,3913,2608,3574,542,3913,1392,4626,543,3913,1509,5560,594,3913,1509,5560,648,3913,1392,4626,643,3913,1392,4626,640,3913,1499,4243,665,3913,1392,4626,652,3913,1392,4626,645,3913,1541,4064,650,3913,2005,4751,658,3913,1478,4243,658,3817,1408,4626,697,3817,1656,4085,640,3913,1541,4064
43.0400354236+-76.0981462376,43.0479517596+-76.1505944348,43.0400354236+-76.0981462376,43.0479517596+-76.1505944348,12.47,3.17,31.47,3.21,737,5098,1888,5167,725,5098,1888,5167,712,5098,1888,5167,729,5098,1888,5167,798,5098,3413,4609,792,5636,3413,4609,715,5098,3413,4609,706,5098,3413,4609,701,5098,3413,4609,713,5098,2107,8018,708,5098,1872,5167,719,5098,1872,5167,779,5098,2107,8018,781,5098,2191,8018,766,5098,1888,5167,759,5098,2222,8018,798,5098,2222,8018,798,5098,1888,5167,810,5098,1888,5167,805,5098,1888,5167,769,5098,1872,5167,786,5098,1888,5167,765,5098,3223,15443
43.0277404994+-76.1924749643,43.0479517596+-76.1505944348,43.0277404994+-76.1924749643,43.0479517596+-76.1505944348,12.45,2.91,40.95,3.46,719,4688,2277,5590,727,4688,2143,5500,722,4688,3377,4607,702,4688,2143,5474,776,4688,3377,4607,722,4688,3377,4607,718,4688,3377,4607,691,4861,3377,4607,693,4688,3377,4607,690,4688,1667,5565,681,4688,1875,6585,714,4688,1857,5564,767,4688,2661,5590,760,4688,2457,5590,771,4688,2457,5590,756,4688,2283,6267,776,4688,2283,6267,759,4688,2457,5590,767,4688,2457,5590,795,4688,3368,9953,787,4688,1900,6585,776,4688,2157,5590,743,4688,3377,4607
43.0263249878+-76.178867784,43.0479517596+-76.1505944348,43.0263249878+-76.178867784,43.0479517596+-76.1505944348,10.60,2.46,37.67,3.03,628,3958,2080,4899,636,3958,2846,3958,638,3958,2846,3958,608,3958,1946,4785,677,3958,2846,3958,605,3958,2846,3958,615,3958,2846,3958,599,4212,2846,3958,603,3958,2846,3958,575,4212,1492,4876,607,3958,1828,4827,623,3958,1682,4875,668,3958,2429,4899,657,3958,2260,4899,652,3958,2260,4899,664,3958,2549,6606,677,3958,2549,6606,671,3958,2260,4899,660,3958,2260,4899,684,3958,3070,6006,694,3958,2249,6606,674,3958,1960,4899,650,3958,2846,3958
43.0265783488+-76.1702682227,43.0479517596+-76.1505944348,43.0265783488+-76.1702682227,43.0479517596+-76.1505944348,10.12,2.15,30.48,2.39,602,3459,1957,4226,611,3459,2376,3270,611,3459,2376,3270,593,3459,1823,4113,643,3459,2376,3270,605,3459,2376,3270,594,3459,2376,3270,638,3459,2376,3270,575,3459,2376,3270,576,3459,1437,4203,560,3459,1520,3848,601,3459,1627,4203,641,3459,1519,3829,624,3459,1829,3848,631,3459,1856,3845,629,3459,1856,3845,643,3459,1856,3845,640,3459,1696,3757,634,3459,1914,3848,658,3459,2376,3270,667,3459,1529,3848,646,3459,1529,3848,622,3459,1829,3848
43.0236257155+-76.1607793382,43.0479517596+-76.1505944348,43.0236257155+-76.1607793382,43.0479517596+-76.1505944348,8.18,1.88,25.57,2.44,476,3024,1390,3371,510,3024,2241,3024,467,3024,1390,3371,461,3024,1390,3371,535,3024,2241,3024,458,3024,2241,3024,453,3024,2241,3024,466,3024,2241,3024,478,3024,2241,3024,487,3024,1470,3934,485,3024,1225,3929,494,3024,1572,3934,507,3024,1224,3910,521,3024,1566,3340,514,3024,1561,3926,568,3024,1561,3926,535,3024,1561,3926,545,3024,1401,3838,522,3024,1663,3929,539,3024,1750,3926,580,3024,1243,3265,567,3024,1572,3934,508,3024,1534,3929
43.0321258057+-76.1594070774,43.0479517596+-76.1505944348,43.0321258057+-76.1594070774,43.0479517596+-76.1505944348,6.88,1.32,19.82,1.52,417,2128,1602,2128,419,2128,1602,2128,410,2128,1051,2434,393,2128,1051,2434,465,2128,1602,2128,394,2128,1602,2128,409,2128,1602,2128,407,2128,1602,2128,403,2128,1602,2128,391,2128,1006,2731,380,2128,1006,2731,401,2128,1398,3653,444,2128,879,2423,430,2128,1242,2402,440,2128,1216,2439,449,2128,1602,2128,465,2128,1602,2128,464,2128,1056,2351,452,2128,1216,2439,484,2128,946,2328,483,2128,919,2328,452,2128,1365,2731,435,2128,1326,2442
43.0316485763+-76.1479948458,43.0479517596+-76.1505944348,43.0316485763+-76.1479948458,43.0479517596+-76.1505944348,5.18,1.15,15.27,1.37,295,1849,1376,1849,308,1849,1376,1849,310,1849,1068,2294,295,1849,1376,1849,359,1849,1376,1849,274,1849,1376,1849,271,1849,1376,1849,287,1849,1376,1849,297,1849,1376,1849,311,1849,843,2294,296,1849,1037,3122,311,1849,768,2294,328,1849,776,2296,333,1849,1095,2047,334,1849,1095,2047,380,1849,1376,1849,359,1849,1068,2294,363,1849,1376,1849,344,1849,1095,2047,340,1849,1095,2047,356,1849,882,2302,357,1849,768,2294,323,1849,925,2190
43.0244601122+-76.1459220446,43.0479517596+-76.1505944348,43.0244601122+-76.1459220446,43.0479517596+-76.1505944348,8.25,2.04,18.77,1.77,473,3283,2043,2755,485,3283,2043,2755,495,3283,1278,2929,471,3283,1278,2929,552,3283,2043,2755,441,3283,2043,2755,434,3283,2043,2755,456,3283,2043,2755,466,3283,2043,2755,484,3283,1016,2929,482,3283,1148,3871,483,3283,978,2929,509,3283,968,2932,514,3283,1392,2955,512,3283,1392,2955,583,3283,1392,2955,552,3283,1268,2932,552,3283,1278,2929,544,3283,1392,2955,533,3283,1392,2955,559,3283,1111,2937,551,3283,978,2900,510,3283,1135,2826
43.02096272+-76.1341186953,43.0479517596+-76.1505944348,43.02096272+-76.1341186953,43.0479517596+-76.1505944348,8.13,2.63,35.60,2.86,491,4236,1640,5977,485,4236,1640,5977,483,4236,2967,4108,478,4236,1590,5977,525,4236,2967,4108,455,4236,2967,4108,467,4236,2967,4108,460,4236,2967,4108,472,4236,2967,4108,476,4236,1836,4609,474,4236,1604,7294,496,4236,1987,4617,568,4236,1689,5977,547,4236,1698,5977,523,4236,1993,4506,526,4236,2287,4635,525,4236,2330,7196,521,4236,1689,5977,515,4236,1689,5977,526,4236,2097,4581,549,4236,1804,5872,574,4236,1836,4609,516,4236,1984,4525
43.0243860072+-76.1215544662,43.0479517596+-76.1505944348,43.0243860072+-76.1215544662,43.0479517596+-76.1505944348,8.72,3.12,26.38,3.18,524,5026,2039,5523,518,5026,2039,5523,513,5026,3488,4631,498,5026,2014,5523,560,5026,3488,4631,470,5026,3488,4631,489,5026,3488,4631,480,5026,3488,4631,481,5026,3488,4631,498,5026,1471,6438,488,5026,1471,6438,533,5026,1471,6438,613,5026,2088,5523,593,5026,2162,6914,562,5026,1532,5121,564,5026,2162,6914,560,5026,1532,5121,555,5026,2162,6914,555,5026,2088,5523,568,5026,1532,5317,591,5026,1591,6438,618,5026,1471,6482,556,5026,1574,5121
43.0178834101+-76.1176001489,43.0479517596+-76.1505944348,43.0178834101+-76.1176001489,43.0479517596+-76.1505944348,10.28,3.43,48.63,4.31,621,5524,2915,7312,613,5524,2915,7312,614,5524,2877,7312,596,5524,3542,7175,657,5524,3542,7175,556,5524,3542,7175,570,5524,3542,7175,563,5524,3542,7175,572,5524,3542,7175,588,5524,2305,7763,584,5524,2305,7763,636,5524,2630,7015,709,5524,2069,8341,729,5524,2069,8341,661,5524,2069,8341,655,5524,2069,8341,657,5524,2069,8341,646,5524,2069,8341,647,5524,2069,8341,658,5524,1889,8341,683,5524,1769,8341,714,5524,2305,7807,640,5524,3818,6937
43.0152165341+-76.1641632707,43.0479517596+-76.1505944348,43.0152165341+-76.1641632707,43.0479517596+-76.1505944348,9.18,2.49,27.73,3.16,533,4002,1667,4483,595,4002,1667,4483,530,4002,2954,4002,529,4002,1667,4483,601,4002,2954,4002,505,4002,2954,4002,503,4002,2954,4002,515,4002,2954,4002,513,4002,2954,4002,534,4002,2082,7065,551,4002,1299,5091,558,4002,1772,5091,567,4002,1336,5072,576,4002,1604,4470,572,4002,1691,5088,633,4002,1691,5088,601,4002,1691,5088,606,4002,1514,5000,586,4002,1844,5091,615,4002,2395,4492,660,4002,1306,4396,638,4002,1364,5091,569,4002,1618,5091
43.0198522873+-76.1530069311,43.0479517596+-76.1505944348,43.0198522873+-76.1530069311,43.0479517596+-76.1505944348,8.68,2.21,23.60,2.53,498,3552,1794,4286,530,3552,2618,3507,495,3552,2618,3507,489,3552,1794,4286,557,3552,2618,3507,469,3552,2618,3507,473,3552,2618,3507,487,3552,2618,3507,493,3552,2618,3507,512,3552,1104,4173,513,3552,1104,4173,537,3552,1500,5095,540,3552,1407,4083,568,3552,1548,4173,550,3552,2001,4872,592,3552,2001,4872,557,3552,1848,4132,578,3552,1548,4173,553,3552,1548,4173,577,3552,1838,4101,617,3552,1633,4180,607,3552,1530,4173,542,3552,1548,4173
43.0169701302+-76.1449209453,43.0479517596+-76.1505944348,43.0169701302+-76.1449209453,43.0479517596+-76.1505944348,8.13,2.94,24.40,2.44,486,4737,1473,3900,484,4737,1616,4004,473,4737,2787,3752,472,4737,1616,4004,523,4737,2787,3752,446,4737,2787,3752,457,4737,2787,3752,452,4737,2787,3752,477,4737,2787,3752,467,4737,1296,4004,466,4737,1131,4539,488,4737,1536,5459,585,3830,1278,4006,545,4737,1593,4539,520,4737,1811,4029,525,4737,1811,4029,523,4737,1578,4006,523,4737,1593,4539,515,4737,1593,4539,524,4737,1568,3976,547,4737,1511,4029,569,4737,1575,4539,512,4737,1593,4539
42.9976466243+-76.1561595379,43.0479517596+-76.1505944348,42.9976466243+-76.1561595379,43.0479517596+-76.1505944348,13.95,3.90,33.87,4.60,824,6269,2445,6615,881,6269,2445,6615,813,6269,2445,6615,801,6269,2445,6615,881,6269,1533,7512,768,6269,1533,7512,776,6269,1533,7512,828,6269,1533,7512,777,6269,1533,7512,785,6269,1533,7512,849,6269,1773,7512,868,6269,1773,7512,856,6269,2344,7512,873,6269,2164,7512,853,6269,2164,7512,906,6269,3162,8341,881,6269,3162,8341,902,6269,2164,7512,885,6269,2164,7512,930,6269,2629,7183,964,6269,1864,7512,937,6269,1864,7512,853,6269,2164,7512
43.0071361096+-76.1418232057,43.0479517596+-76.1505944348,43.0071361096+-76.1418232057,43.0479517596+-76.1505944348,9.83,3.45,24.92,3.03,582,5549,1504,4861,584,5549,1647,4965,566,5549,1647,4965,567,5549,1647,4965,649,5549,3569,4791,538,5549,3569,4791,541,5549,3569,4791,540,5549,3569,4791,562,5549,1261,4965,534,5549,1261,4965,556,5549,1305,4965,603,5549,1630,5925,675,5549,1342,6633,653,5549,1630,5925,629,5549,1639,5029,636,5549,2173,5159,649,5549,1753,5135,650,5549,1647,4965,635,5549,1647,4965,640,5549,1743,5104,665,5549,1873,5159,681,5549,1305,4965,618,5549,2201,5845
42.9984566099+-76.1306008503,43.0479517596+-76.1505944348,42.9984566099+-76.1306008503,43.0479517596+-76.1505944348,10.12,4.43,40.80,5.87,618,7131,2480,9870,619,7131,2480,9870,606,7131,2530,10621,608,7131,2521,7317,660,7131,2521,7317,571,7131,2521,7317,585,7131,2521,7317,586,7131,2521,7317,593,7131,2521,7317,597,7131,2429,11171,594,7131,2371,11187,634,7131,2720,11231,712,7131,2643,9870,675,7131,2483,9870,660,7131,3063,11333,668,7131,3063,11333,660,7131,3503,6946,663,7131,3503,6946,663,7131,2941,7317,665,7131,3063,11333,688,7131,2641,8031,705,7131,2643,9870,650,7131,2729,7233
42.9925990019+-76.1419735103,43.0479517596+-76.1505944348,42.9925990019+-76.1419735103,43.0479517596+-76.1505944348,12.75,4.50,34.32,4.16,742,7250,1916,6584,766,7250,2059,6688,729,7250,2059,6688,727,7250,2059,6688,833,7250,1586,6688,688,7250,1586,6688,695,7250,1586,6688,689,7250,1586,6688,705,7250,1586,6688,693,7250,1586,6688,719,7250,1646,6688,782,7250,1687,8373,849,7250,2161,6688,820,7250,2059,6688,799,7250,2059,6688,807,7250,2059,6688,833,7250,2059,6688,828,7250,2059,6688,809,7250,2059,6688,826,7250,2435,9498,846,7250,2689,10524,867,7250,1646,6688,786,7250,1794,6604
