<?xml version="1.0" encoding="UTF-8"?>
<metadata xml:lang="en"><Esri><CreaDate>20150529</CreaDate><CreaTime>13052500</CreaTime><ArcGISFormat>1.0</ArcGISFormat><SyncOnce>TRUE</SyncOnce><DataProperties><itemProps><itemLocation><linkage Sync="TRUE">file://\\dossier-server\GIS CENTRAL$\Data\Syracuse\Streets\city_streets</linkage><protocol Sync="TRUE">Local Area Network</protocol></itemLocation></itemProps><copyHistory><copy source="S:\Mapping\Transportation\city_streets" dest="\\dossier-server\GIS CENTRAL$\Data\Syracuse\Streets\city_streets" date="20130828" time="13284200"></copy></copyHistory></DataProperties></Esri></metadata>
